experiment_id,experiment_name,model,feature_group,split,seed,timestamp,hp_seeds,metric_mae,metric_UR_share_mae,metric_KPRF_share_mae,metric_LDPR_share_mae,tag_level,tag_n_seeds
temporal_A_GRU_ALL_FEATURES_A_20260819_171747,temporal_A,GRU,ALL_FEATURES,A,,2026-08-19T17:17:47.623297,"[42, 123, 456, 789, 2026]",6.875077946980794,10.999953842163086,6.688069534301758,2.937210464477539,region,5
temporal_A_LSTM_ALL_FEATURES_A_20260819_171752,temporal_A,LSTM,ALL_FEATURES,A,,2026-08-19T17:17:52.275358,"[42, 123, 456, 789, 2026]",11.25514849026998,19.955905532836915,10.56399917602539,3.2455407619476317,region,5
temporal_A_Transformer_ALL_FEATURES_A_20260819_171756,temporal_A,Transformer,ALL_FEATURES,A,,2026-08-19T17:17:56.977015,"[42, 123, 456, 789, 2026]",6.2006628195444735,8.78541145324707,5.831009006500244,3.9855679988861086,region,5
temporal_A_GRU_ELECTORAL_ONLY_A_20260819_171800,temporal_A,GRU,ELECTORAL_ONLY,A,,2026-08-19T17:18:00.913714,"[42, 123, 456, 789, 2026]",11.65945242245992,19.4961856842041,11.917302751541138,3.5648688316345214,region,5
temporal_A_LSTM_ELECTORAL_ONLY_A_20260819_171805,temporal_A,LSTM,ELECTORAL_ONLY,A,,2026-08-19T17:18:05.188904,"[42, 123, 456, 789, 2026]",10.683951091766358,17.710412216186523,10.316088962554932,4.025352096557617,region,5
temporal_A_Transformer_ELECTORAL_ONLY_A_20260819_171810,temporal_A,Transformer,ELECTORAL_ONLY,A,,2026-08-19T17:18:10.169806,"[42, 123, 456, 789, 2026]",10.863336849212645,20.109090042114257,4.310507488250733,8.17041301727295,region,5
temporal_A_GRU_ROSSTAT_ONLY_A_20260819_171813,temporal_A,GRU,ROSSTAT_ONLY,A,,2026-08-19T17:18:13.741678,"[42, 123, 456, 789, 2026]",10.612960751851398,18.52822036743164,9.49682159423828,3.8138402938842773,region,5
temporal_A_LSTM_ROSSTAT_ONLY_A_20260819_171817,temporal_A,LSTM,ROSSTAT_ONLY,A,,2026-08-19T17:18:17.972266,"[42, 123, 456, 789, 2026]",14.210596640904745,25.802817153930665,12.08083381652832,4.748138952255249,region,5
temporal_A_Transformer_ROSSTAT_ONLY_A_20260819_171823,temporal_A,Transformer,ROSSTAT_ONLY,A,,2026-08-19T17:18:23.153767,"[42, 123, 456, 789, 2026]",7.034800799687704,10.706859588623047,7.0478509902954105,3.3496918201446535,region,5
