region_name,Experiment,Model,region_mae,region_bias
Алтайский край,A,NaivePreviousElection,8.605630772432352,8.605630772432352
Амурская область,A,NaivePreviousElection,7.90379153345533,4.781068332226983
Архангельская область,A,NaivePreviousElection,7.245690845264858,7.245690845264858
Астраханская область,A,NaivePreviousElection,11.680779744733591,9.455026865914498
Белгородская область,A,NaivePreviousElection,6.668744253706035,5.099082598635545
Брянская область,A,NaivePreviousElection,7.0358345639661835,3.6254969748830614
Владимирская область,A,NaivePreviousElection,7.415934167929707,7.4142521149890435
Волгоградская область,A,NaivePreviousElection,6.895066341915051,5.566738370709905
Вологодская область,A,NaivePreviousElection,8.638868981919822,8.638868981919822
Воронежская область,A,NaivePreviousElection,5.037004142990423,5.037004142990423
Еврейская автономная область,A,NaivePreviousElection,6.896305039653307,4.293889389722886
Забайкальский край,A,NaivePreviousElection,7.480606521990512,5.133223021277499
Ивановская область,A,NaivePreviousElection,6.86493137798384,6.86493137798384
Иркутская область,A,NaivePreviousElection,5.794395714223633,5.794395714223633
Кабардино-Балкарская Республика,A,NaivePreviousElection,1.9259307099590017,1.0759868323578825
Калининградская область,A,NaivePreviousElection,7.88045838569021,7.88045838569021
Калужская область,A,NaivePreviousElection,6.48501184253148,6.48501184253148
Камчатский край,A,NaivePreviousElection,5.540114479420278,5.540114479420278
Карачаево-Черкесская Республика,A,NaivePreviousElection,3.41623137196248,3.172961882863181
Кемеровская область - Кузбасс,A,NaivePreviousElection,5.049370069667593,2.437083083534887
Кировская область,A,NaivePreviousElection,9.250958975986453,7.180461096015211
Костромская область,A,NaivePreviousElection,7.279912484182215,7.279912484182215
Краснодарский край,A,NaivePreviousElection,5.387740582975364,4.365713801643717
Красноярский край,A,NaivePreviousElection,7.559057289189426,7.559057289189426
Курганская область,A,NaivePreviousElection,7.972893241853645,7.972893241853645
Курская область,A,NaivePreviousElection,5.951434164085019,5.951434164085019
Ленинградская область,A,NaivePreviousElection,8.717951824449523,8.026464225749455
Липецкая область,A,NaivePreviousElection,9.052263960589947,5.390257597372518
Магаданская область,A,NaivePreviousElection,6.476318285939055,6.476318285939055
Московская область,A,NaivePreviousElection,8.622036475408594,7.246840262645697
Мурманская область,A,NaivePreviousElection,8.22980334839224,8.22980334839224
Ненецкий автономный округ,A,NaivePreviousElection,5.6953430785206445,5.6953430785206445
Нижегородская область,A,NaivePreviousElection,9.146583701193816,5.050507632668457
Новгородская область,A,NaivePreviousElection,8.80784654098206,8.80784654098206
Новосибирская область,A,NaivePreviousElection,7.1029946663461585,6.831391147928606
Омская область,A,NaivePreviousElection,6.800890941919021,6.800890941919021
Оренбургская область,A,NaivePreviousElection,6.383840360631477,5.350128611093055
Орловская область,A,NaivePreviousElection,7.80898455971095,5.603950281623516
Пензенская область,A,NaivePreviousElection,3.9955630284924335,3.9955630284924335
Пермский край,A,NaivePreviousElection,8.054925181007553,8.054925181007553
Приморский край,A,NaivePreviousElection,6.9092433353767255,6.9092433353767255
Псковская область,A,NaivePreviousElection,7.223596780608783,7.223596780608783
Республика Адыгея (Адыгея),A,NaivePreviousElection,6.936476118391366,4.270454697500168
Республика Алтай,A,NaivePreviousElection,6.338445958811533,5.977844056242016
Республика Башкортостан,A,NaivePreviousElection,9.215173076689883,4.316126026711512
Республика Бурятия,A,NaivePreviousElection,8.47412810574507,6.8306712486648555
Республика Дагестан,A,NaivePreviousElection,1.9004818360935645,1.5752300528083645
Республика Ингушетия,A,NaivePreviousElection,9.193915261383586,6.674424793022936
Республика Калмыкия,A,NaivePreviousElection,4.0350452802593635,4.0350452802593635
Республика Карелия,A,NaivePreviousElection,9.961000607447044,9.961000607447044
Республика Коми,A,NaivePreviousElection,14.357179973782541,8.244180114580999
Республика Марий Эл,A,NaivePreviousElection,6.898536128206023,4.7342478853036525
Республика Мордовия,A,NaivePreviousElection,4.3889156311263795,1.6072983364539242
Республика Саха (Якутия),A,NaivePreviousElection,9.072955182823351,9.072955182823351
Республика Северная Осетия - Алания,A,NaivePreviousElection,2.8417418143912205,2.8417418143912205
Республика Татарстан (Татарстан),A,NaivePreviousElection,3.3403690876800787,2.636653297289016
Республика Тыва,A,NaivePreviousElection,3.619771656600539,3.0358052778515385
Республика Хакасия,A,NaivePreviousElection,6.542956138795688,6.542956138795688
Ростовская область,A,NaivePreviousElection,4.70816188378725,4.588356898922338
Рязанская область,A,NaivePreviousElection,8.14136668157334,5.111647631318879
Самарская область,A,NaivePreviousElection,6.829165430361866,5.559518839550447
Саратовская область,A,NaivePreviousElection,4.462046536738677,3.7825346304812606
Сахалинская область,A,NaivePreviousElection,6.283524400101953,5.709568654807583
Свердловская область,A,NaivePreviousElection,9.625301825494974,9.625301825494974
Смоленская область,A,NaivePreviousElection,5.76313897780578,4.940284885460986
Ставропольский край,A,NaivePreviousElection,4.856295384574335,4.856295384574335
Тамбовская область,A,NaivePreviousElection,5.537536141362672,5.519631226861328
Тверская область,A,NaivePreviousElection,7.761469839645358,7.2433044402272415
Томская область,A,NaivePreviousElection,7.999912019210867,7.999912019210867
Тульская область,A,NaivePreviousElection,8.105788122101162,5.575511314791794
Тюменская область,A,NaivePreviousElection,4.894614201731147,4.894614201731147
Удмуртская Республика,A,NaivePreviousElection,7.115774208546317,7.115774208546317
Ульяновская область,A,NaivePreviousElection,5.20872960697515,4.944897350260357
Хабаровский край,A,NaivePreviousElection,6.638095804064012,6.350026427908603
Ханты-Мансийский автономный округ - Югра,A,NaivePreviousElection,5.768905508946797,5.768905508946797
Челябинская область,A,NaivePreviousElection,11.618141639140589,10.378510378510379
Чеченская Республика,A,NaivePreviousElection,1.21356207516236,1.21356207516236
Чувашская Республика - Чувашия,A,NaivePreviousElection,7.092891868987967,7.092891868987967
Чукотский автономный округ,A,NaivePreviousElection,8.014162768475172,4.05464480874317
Ямало-Ненецкий автономный округ,A,NaivePreviousElection,3.6306475071860844,3.6306475071860844
Ярославская область,A,NaivePreviousElection,8.94835373437193,8.94835373437193
город Москва,A,NaivePreviousElection,11.860061806269357,11.36205742389516
город Санкт-Петербург,A,NaivePreviousElection,12.042258223779633,12.042258223779633
Алтайский край,B,NaivePreviousElection,13.239302740211661,8.255607804383354
Амурская область,B,NaivePreviousElection,12.481536673741253,7.426628489620619
Архангельская область,B,NaivePreviousElection,13.219313999901232,11.49403617966589
Астраханская область,B,NaivePreviousElection,8.967473754475394,8.967473754475394
Белгородская область,B,NaivePreviousElection,7.775934397532807,7.063557561671207
Брянская область,B,NaivePreviousElection,4.056068795440894,4.056068795440894
Владимирская область,B,NaivePreviousElection,14.719733141103966,8.398838122847337
Волгоградская область,B,NaivePreviousElection,4.887074304251102,4.887074304251102
Вологодская область,B,NaivePreviousElection,12.037609918983541,10.029476352238776
Воронежская область,B,NaivePreviousElection,6.58469275766321,5.769437318073618
Еврейская автономная область,B,NaivePreviousElection,7.7271417559410205,4.58854214291624
Забайкальский край,B,NaivePreviousElection,9.848741219752382,9.053508856261049
Ивановская область,B,NaivePreviousElection,11.890410834208451,8.153721070601698
Иркутская область,B,NaivePreviousElection,8.653701393936311,8.653701393936311
Кабардино-Балкарская Республика,B,NaivePreviousElection,1.3456217298014925,1.2130650886206842
Калининградская область,B,NaivePreviousElection,10.214600695219707,8.94071210965609
Калужская область,B,NaivePreviousElection,11.766309185181065,10.154374391955796
Камчатский край,B,NaivePreviousElection,15.11685070465606,9.007267991429652
Карачаево-Черкесская Республика,B,NaivePreviousElection,5.177021628657298,1.5740305479073868
Кемеровская область - Кузбасс,B,NaivePreviousElection,4.963348369046797,3.777237477108025
Кировская область,B,NaivePreviousElection,13.252949422164628,12.571031032364543
Костромская область,B,NaivePreviousElection,10.777901206455601,10.002742906075538
Краснодарский край,B,NaivePreviousElection,6.269018299465877,5.62506876378265
Красноярский край,B,NaivePreviousElection,11.815523586649187,8.905301760493229
Курганская область,B,NaivePreviousElection,12.041120055280189,8.977572790485077
Курская область,B,NaivePreviousElection,11.290193600047132,7.833334240032201
Ленинградская область,B,NaivePreviousElection,12.604582205027,9.32824260183549
Липецкая область,B,NaivePreviousElection,10.227198329705251,6.9139835122103035
Магаданская область,B,NaivePreviousElection,7.683451200163515,6.1567682409555315
Московская область,B,NaivePreviousElection,8.802376090371348,7.981989663218706
Мурманская область,B,NaivePreviousElection,13.957738416591004,11.004790918085716
Ненецкий автономный округ,B,NaivePreviousElection,15.38992861113617,8.643457382953184
Нижегородская область,B,NaivePreviousElection,10.1112865034331,7.096031092738495
Новгородская область,B,NaivePreviousElection,11.804910322911008,11.721385921835553
Новосибирская область,B,NaivePreviousElection,9.985036007313786,9.144806367018104
Омская область,B,NaivePreviousElection,8.662739909948625,8.662739909948625
Оренбургская область,B,NaivePreviousElection,10.901956890775457,7.81373541088547
Орловская область,B,NaivePreviousElection,9.72526190212953,9.2504362555349
Пензенская область,B,NaivePreviousElection,8.038410701376094,5.978703889510558
Пермский край,B,NaivePreviousElection,13.03616540380313,10.178687851313489
Приморский край,B,NaivePreviousElection,11.854449087159713,7.906551449985461
Псковская область,B,NaivePreviousElection,9.379266466073723,9.379266466073723
Республика Адыгея (Адыгея),B,NaivePreviousElection,3.7458719970231815,3.7458719970231815
Республика Алтай,B,NaivePreviousElection,12.130760453673668,7.261289804164662
Республика Башкортостан,B,NaivePreviousElection,4.3183963168183634,3.031311884121681
Республика Бурятия,B,NaivePreviousElection,8.238673017767567,7.715063306117618
Республика Дагестан,B,NaivePreviousElection,4.889970177604128,3.1864345290147504
Республика Ингушетия,B,NaivePreviousElection,2.8614450091732713,2.8614450091732713
Республика Калмыкия,B,NaivePreviousElection,18.475366291298133,9.579768336521681
Республика Карелия,B,NaivePreviousElection,13.504936710804458,13.504936710804458
Республика Коми,B,NaivePreviousElection,16.913375511406503,9.833479570172015
Республика Марий Эл,B,NaivePreviousElection,10.05950256694195,6.797626013541759
Республика Мордовия,B,NaivePreviousElection,10.750249321231992,4.005365129824523
Республика Саха (Якутия),B,NaivePreviousElection,18.854453333969996,8.317131064511743
Республика Северная Осетия - Алания,B,NaivePreviousElection,5.01940954017599,5.01940954017599
Республика Татарстан (Татарстан),B,NaivePreviousElection,6.339633796641721,2.5499534641906414
Республика Тыва,B,NaivePreviousElection,2.643147463683584,2.643147463683584
Республика Хакасия,B,NaivePreviousElection,11.618407547602189,8.872781572735665
Ростовская область,B,NaivePreviousElection,11.451396323001417,6.858320855462158
Рязанская область,B,NaivePreviousElection,9.659351455492585,7.285208218779822
Самарская область,B,NaivePreviousElection,10.451774945249579,7.602952730328391
Саратовская область,B,NaivePreviousElection,10.481186057627133,4.276075017645717
Сахалинская область,B,NaivePreviousElection,15.12724343721235,8.217747251768314
Свердловская область,B,NaivePreviousElection,14.252294763291118,11.016920434579694
Смоленская область,B,NaivePreviousElection,10.981257822409392,8.035789435553552
Ставропольский край,B,NaivePreviousElection,5.6497456812996445,5.6497456812996445
Тамбовская область,B,NaivePreviousElection,8.741708741325633,7.345173032281579
Тверская область,B,NaivePreviousElection,12.469548741761196,9.962180502572854
Томская область,B,NaivePreviousElection,14.296260038111695,10.298253727497835
Тульская область,B,NaivePreviousElection,7.408208037762159,7.408208037762159
Тюменская область,B,NaivePreviousElection,7.3437196094449,7.3437196094449
Удмуртская Республика,B,NaivePreviousElection,14.387722166812628,9.141599240082073
Ульяновская область,B,NaivePreviousElection,13.522843163264803,6.175291156193026
Хабаровский край,B,NaivePreviousElection,14.517748454388189,10.193775671101609
Ханты-Мансийский автономный округ - Югра,B,NaivePreviousElection,12.379049438197924,8.182430494458567
Челябинская область,B,NaivePreviousElection,13.678720909862756,12.158516125801285
Чеченская Республика,B,NaivePreviousElection,1.534207294344843,0.9807165246177146
Чувашская Республика - Чувашия,B,NaivePreviousElection,14.18913282847592,10.472508301197005
Чукотский автономный округ,B,NaivePreviousElection,10.025389390253022,7.5132393944497515
Ямало-Ненецкий автономный округ,B,NaivePreviousElection,3.0513189102756644,3.0513189102756644
Ярославская область,B,NaivePreviousElection,14.29482678371791,12.40466058880927
город Москва,B,NaivePreviousElection,16.787204954524444,10.86370912689568
город Санкт-Петербург,B,NaivePreviousElection,13.26195865346856,13.123648530509273
Алтайский край,A,LinearRegression,10.767139872095754,8.605630772432354
Амурская область,A,LinearRegression,12.323977193528476,4.781068332226987
Архангельская область,A,LinearRegression,14.830377868925154,7.245690845264864
Астраханская область,A,LinearRegression,16.295523820268087,9.455026865914496
Белгородская область,A,LinearRegression,8.651306954749835,5.099082598635549
Брянская область,A,LinearRegression,14.725032895727061,3.6254969748830614
Владимирская область,A,LinearRegression,13.813755858616176,7.414252114989039
Волгоградская область,A,LinearRegression,12.325279150022707,5.566738370709907
Вологодская область,A,LinearRegression,11.5888715125039,8.638868981919822
Воронежская область,A,LinearRegression,12.48172340601532,5.037004142990422
Еврейская автономная область,A,LinearRegression,14.208057392888447,4.293889389722888
Забайкальский край,A,LinearRegression,10.929058960163793,5.133223021277497
Ивановская область,A,LinearRegression,14.033972984900013,6.864931377983841
Иркутская область,A,LinearRegression,14.284862574516358,5.794395714223637
Кабардино-Балкарская Республика,A,LinearRegression,1.0759868323578845,1.0759868323578845
Калининградская область,A,LinearRegression,10.159667304347346,7.880458385690208
Калужская область,A,LinearRegression,11.043845302765169,6.48501184253148
Камчатский край,A,LinearRegression,14.939549821878828,5.540114479420283
Карачаево-Черкесская Республика,A,LinearRegression,3.243340127627011,3.1729618828631856
Кемеровская область - Кузбасс,A,LinearRegression,4.89514329514478,2.437083083534882
Кировская область,A,LinearRegression,12.761927888858969,7.180461096015212
Костромская область,A,LinearRegression,9.912407791124012,7.279912484182215
Краснодарский край,A,LinearRegression,14.523796188543946,4.3657138016437225
Красноярский край,A,LinearRegression,13.714913118857146,7.559057289189436
Курганская область,A,LinearRegression,14.330613853291922,7.972893241853645
Курская область,A,LinearRegression,13.809324546805973,5.951434164085023
Ленинградская область,A,LinearRegression,11.21545785855776,8.026464225749459
Липецкая область,A,LinearRegression,12.577852855671084,5.39025759737252
Магаданская область,A,LinearRegression,13.521772121422877,6.476318285939055
Московская область,A,LinearRegression,14.36948756754425,7.246840262645699
Мурманская область,A,LinearRegression,11.832882065861012,8.229803348392245
Ненецкий автономный округ,A,LinearRegression,18.583471332798265,5.695343078520648
Нижегородская область,A,LinearRegression,19.99243027608667,5.050507632668459
Новгородская область,A,LinearRegression,9.49154607928399,8.80784654098206
Новосибирская область,A,LinearRegression,13.50619893875844,6.831391147928605
Омская область,A,LinearRegression,8.662115607313607,6.800890941919019
Оренбургская область,A,LinearRegression,11.881714976778115,5.350128611093052
Орловская область,A,LinearRegression,9.78891803584606,5.603950281623514
Пензенская область,A,LinearRegression,12.806168019873715,3.995563028492437
Пермский край,A,LinearRegression,18.45422028886757,8.054925181007548
Приморский край,A,LinearRegression,12.212531044313863,6.909243335376719
Псковская область,A,LinearRegression,12.264255770896868,7.223596780608783
Республика Адыгея (Адыгея),A,LinearRegression,12.051591409614138,4.270454697500171
Республика Алтай,A,LinearRegression,10.313496708660251,5.977844056242013
Республика Башкортостан,A,LinearRegression,5.999821762892599,4.316126026711508
Республика Бурятия,A,LinearRegression,10.607988479273198,6.830671248664852
Республика Дагестан,A,LinearRegression,9.811220137595695,1.5752300528083591
Республика Ингушетия,A,LinearRegression,6.674424793022934,6.674424793022934
Республика Калмыкия,A,LinearRegression,14.491955673419808,4.035045280259362
Республика Карелия,A,LinearRegression,9.961000607447039,9.961000607447039
Республика Коми,A,LinearRegression,10.308455493581894,8.244180114581
Республика Марий Эл,A,LinearRegression,4.734247885303654,4.734247885303654
Республика Мордовия,A,LinearRegression,8.273377423811194,1.6072983364539286
Республика Саха (Якутия),A,LinearRegression,9.072955182823359,9.072955182823359
Республика Северная Осетия - Алания,A,LinearRegression,3.1407853654113893,2.841741814391215
Республика Татарстан (Татарстан),A,LinearRegression,14.261500262052975,2.636653297289019
Республика Тыва,A,LinearRegression,3.2214898571154875,3.0358052778515456
Республика Хакасия,A,LinearRegression,8.818120284387268,6.54295613879568
Ростовская область,A,LinearRegression,15.449658123872785,4.588356898922341
Рязанская область,A,LinearRegression,16.948592870875125,5.11164763131888
Самарская область,A,LinearRegression,9.637009502954728,5.559518839550452
Саратовская область,A,LinearRegression,10.315992627118886,3.7825346304812637
Сахалинская область,A,LinearRegression,18.48564862663285,5.709568654807575
Свердловская область,A,LinearRegression,10.016731568986662,9.625301825494969
Смоленская область,A,LinearRegression,13.5625972479381,4.94028488546098
Ставропольский край,A,LinearRegression,18.981135144242085,4.856295384574329
Тамбовская область,A,LinearRegression,22.163722402160605,5.5196312268613354
Тверская область,A,LinearRegression,11.372261433535023,7.2433044402272415
Томская область,A,LinearRegression,16.81226483722904,7.999912019210864
Тульская область,A,LinearRegression,16.038028743521632,5.57551131479179
Тюменская область,A,LinearRegression,6.542610400410349,4.894614201731147
Удмуртская Республика,A,LinearRegression,16.903609649514568,7.115774208546321
Ульяновская область,A,LinearRegression,7.4407419615263075,4.944897350260356
Хабаровский край,A,LinearRegression,11.21015080938236,6.350026427908607
Ханты-Мансийский автономный округ - Югра,A,LinearRegression,18.961154764977607,5.7689055089467915
Челябинская область,A,LinearRegression,10.378510378510377,10.378510378510377
Чеченская Республика,A,LinearRegression,9.961978093817269,1.2135620751623561
Чувашская Республика - Чувашия,A,LinearRegression,8.458250341800294,7.092891868987969
Чукотский автономный округ,A,LinearRegression,8.076175461733042,4.0546448087431655
Ямало-Ненецкий автономный округ,A,LinearRegression,11.538447848003594,3.630647507186078
Ярославская область,A,LinearRegression,10.470681205707029,8.948353734371935
город Москва,A,LinearRegression,17.500490594294774,11.362057423895166
город Санкт-Петербург,A,LinearRegression,12.498496899587943,12.04225822377964
Алтайский край,B,LinearRegression,14.814459840530183,8.25560780438335
Амурская область,B,LinearRegression,12.432220440957316,7.426628489620614
Архангельская область,B,LinearRegression,11.494036179665889,11.494036179665889
Астраханская область,B,LinearRegression,8.967473754475398,8.967473754475398
Белгородская область,B,LinearRegression,7.544782720976724,7.063557561671208
Брянская область,B,LinearRegression,4.056068795440896,4.056068795440896
Владимирская область,B,LinearRegression,10.102146042096301,8.398838122847335
Волгоградская область,B,LinearRegression,4.887074304251105,4.887074304251105
Вологодская область,B,LinearRegression,13.283441795399568,10.029476352238772
Воронежская область,B,LinearRegression,5.76943731807361,5.76943731807361
Еврейская автономная область,B,LinearRegression,8.9737266041168,4.588542142916238
Забайкальский край,B,LinearRegression,9.066447271306375,9.05350885626104
Ивановская область,B,LinearRegression,10.602353079728362,8.153721070601689
Иркутская область,B,LinearRegression,9.528086781641065,8.653701393936316
Кабардино-Балкарская Республика,B,LinearRegression,4.3467545675324315,1.2130650886206782
Калининградская область,B,LinearRegression,10.013289645571652,8.940712109656095
Калужская область,B,LinearRegression,10.644847078705535,10.1543743919558
Камчатский край,B,LinearRegression,14.767287540305807,9.007267991429654
Карачаево-Черкесская Республика,B,LinearRegression,6.414341625578474,1.574030547907384
Кемеровская область - Кузбасс,B,LinearRegression,3.777237477108018,3.777237477108018
Кировская область,B,LinearRegression,13.23159832388731,12.571031032364544
Костромская область,B,LinearRegression,14.5974362307175,10.002742906075536
Краснодарский край,B,LinearRegression,5.625068763782653,5.625068763782653
Красноярский край,B,LinearRegression,10.30035845915242,8.90530176049323
Курганская область,B,LinearRegression,13.7866654307674,8.977572790485075
Курская область,B,LinearRegression,7.8333342400322055,7.8333342400322055
Ленинградская область,B,LinearRegression,9.328242601835486,9.328242601835486
Липецкая область,B,LinearRegression,6.913983512210301,6.913983512210301
Магаданская область,B,LinearRegression,9.83506915501476,6.156768240955532
Московская область,B,LinearRegression,7.981989663218706,7.981989663218706
Мурманская область,B,LinearRegression,13.235935876668114,11.004790918085718
Ненецкий автономный округ,B,LinearRegression,14.361479707696775,8.643457382953178
Нижегородская область,B,LinearRegression,7.096031092738488,7.096031092738488
Новгородская область,B,LinearRegression,11.721385921835553,11.721385921835553
Новосибирская область,B,LinearRegression,10.65038223878773,9.144806367018104
Омская область,B,LinearRegression,13.831233449459182,8.662739909948627
Оренбургская область,B,LinearRegression,9.84082551581231,7.813735410885472
Орловская область,B,LinearRegression,9.58540896596333,9.2504362555349
Пензенская область,B,LinearRegression,5.978703889510558,5.978703889510558
Пермский край,B,LinearRegression,10.567494339664636,10.178687851313496
Приморский край,B,LinearRegression,13.856325965358787,7.906551449985455
Псковская область,B,LinearRegression,9.379266466073725,9.379266466073725
Республика Адыгея (Адыгея),B,LinearRegression,3.745871997023181,3.745871997023181
Республика Алтай,B,LinearRegression,13.659268676793113,7.261289804164661
Республика Башкортостан,B,LinearRegression,3.183832651161795,3.03131188412168
Республика Бурятия,B,LinearRegression,12.477486652932285,7.715063306117621
Республика Дагестан,B,LinearRegression,3.1864345290147607,3.1864345290147607
Республика Ингушетия,B,LinearRegression,3.5107565088880883,2.861445009173275
Республика Калмыкия,B,LinearRegression,12.343409792244024,9.579768336521688
Республика Карелия,B,LinearRegression,13.504936710804467,13.504936710804467
Республика Коми,B,LinearRegression,16.42733603242004,9.833479570172015
Республика Марий Эл,B,LinearRegression,15.33644807925505,6.797626013541751
Республика Мордовия,B,LinearRegression,4.0053651298245265,4.0053651298245265
Республика Саха (Якутия),B,LinearRegression,22.690794087731547,8.317131064511736
Республика Северная Осетия - Алания,B,LinearRegression,5.019409540175989,5.019409540175989
Республика Татарстан (Татарстан),B,LinearRegression,2.5499534641906365,2.5499534641906365
Республика Тыва,B,LinearRegression,3.4062286986108052,2.6431474636835843
Республика Хакасия,B,LinearRegression,14.26050901168873,8.872781572735663
Ростовская область,B,LinearRegression,6.8583208554621535,6.8583208554621535
Рязанская область,B,LinearRegression,7.285208218779823,7.285208218779823
Самарская область,B,LinearRegression,8.38286034472726,7.602952730328386
Саратовская область,B,LinearRegression,4.332014570353218,4.276075017645718
Сахалинская область,B,LinearRegression,13.501966111005816,8.217747251768314
Свердловская область,B,LinearRegression,15.291659938221812,11.016920434579697
Смоленская область,B,LinearRegression,8.035789435553559,8.035789435553559
Ставропольский край,B,LinearRegression,5.649745681299648,5.649745681299648
Тамбовская область,B,LinearRegression,7.345173032281584,7.345173032281584
Тверская область,B,LinearRegression,9.962180502572851,9.962180502572851
Томская область,B,LinearRegression,13.001938607801172,10.298253727497839
Тульская область,B,LinearRegression,7.408208037762164,7.408208037762164
Тюменская область,B,LinearRegression,9.04312066221142,7.3437196094449
Удмуртская Республика,B,LinearRegression,12.745139685095412,9.141599240082073
Ульяновская область,B,LinearRegression,13.350559739045819,6.175291156193031
Хабаровский край,B,LinearRegression,16.127831158045538,10.193775671101603
Ханты-Мансийский автономный округ - Югра,B,LinearRegression,11.0580972436209,8.18243049445857
Челябинская область,B,LinearRegression,14.718496258935781,12.158516125801285
Чеченская Республика,B,LinearRegression,3.0551605596954494,0.980716524617717
Чувашская Республика - Чувашия,B,LinearRegression,14.14431355386663,10.472508301197005
Чукотский автономный округ,B,LinearRegression,8.241124678699984,7.513239394449751
Ямало-Ненецкий автономный округ,B,LinearRegression,6.632587399870573,3.051318910275663
Ярославская область,B,LinearRegression,14.274703671543172,12.404660588809277
город Москва,B,LinearRegression,20.62056499065976,10.863709126895678
город Санкт-Петербург,B,LinearRegression,13.123648530509271,13.123648530509271
Алтайский край,A,RandomForest,11.591606230269955,8.605630772432347
Амурская область,A,RandomForest,12.970899469298624,4.781068332226984
Архангельская область,A,RandomForest,9.20485484898875,7.24569084526486
Астраханская область,A,RandomForest,9.455026865914498,9.455026865914498
Белгородская область,A,RandomForest,6.603729356745885,5.099082598635545
Брянская область,A,RandomForest,9.70016099822647,3.625496974883058
Владимирская область,A,RandomForest,9.222029986872192,7.414252114989043
Волгоградская область,A,RandomForest,6.140565189903643,5.566738370709902
Вологодская область,A,RandomForest,12.148087362838709,8.638868981919822
Воронежская область,A,RandomForest,7.120596085063536,5.037004142990418
Еврейская автономная область,A,RandomForest,7.372544736017644,4.293889389722884
Забайкальский край,A,RandomForest,11.690628825395072,5.133223021277502
Ивановская область,A,RandomForest,7.759049482611499,6.864931377983839
Иркутская область,A,RandomForest,7.026683103776886,5.794395714223639
Кабардино-Балкарская Республика,A,RandomForest,3.6513443341151675,1.0759868323578883
Калининградская область,A,RandomForest,8.237222603227247,7.880458385690212
Калужская область,A,RandomForest,7.426151675520722,6.485011842531484
Камчатский край,A,RandomForest,8.307097261971798,5.540114479420275
Карачаево-Черкесская Республика,A,RandomForest,3.1729618828631807,3.1729618828631807
Кемеровская область - Кузбасс,A,RandomForest,6.982685830718289,2.4370830835348802
Кировская область,A,RandomForest,13.22515198043097,7.1804610960152155
Костромская область,A,RandomForest,9.240329413176703,7.279912484182215
Краснодарский край,A,RandomForest,7.5277877164450855,4.365713801643717
Красноярский край,A,RandomForest,10.670515009685232,7.559057289189429
Курганская область,A,RandomForest,9.646790020730668,7.972893241853645
Курская область,A,RandomForest,5.951434164085025,5.951434164085025
Ленинградская область,A,RandomForest,8.026464225749454,8.026464225749454
Липецкая область,A,RandomForest,5.390257597372518,5.390257597372518
Магаданская область,A,RandomForest,7.786155853155606,6.476318285939056
Московская область,A,RandomForest,7.246840262645698,7.246840262645698
Мурманская область,A,RandomForest,10.280806130437336,8.229803348392238
Ненецкий автономный округ,A,RandomForest,8.827679592862387,5.695343078520652
Нижегородская область,A,RandomForest,5.7905837329783365,5.050507632668454
Новгородская область,A,RandomForest,9.351063409113655,8.80784654098206
Новосибирская область,A,RandomForest,9.176932061213767,6.831391147928604
Омская область,A,RandomForest,8.165222582074739,6.800890941919022
Оренбургская область,A,RandomForest,10.411722225490296,5.350128611093058
Орловская область,A,RandomForest,5.7700606542150465,5.6039502816235185
Пензенская область,A,RandomForest,9.034953667525322,3.995563028492434
Пермский край,A,RandomForest,8.054925181007551,8.054925181007551
Приморский край,A,RandomForest,9.285687177236849,6.909243335376721
Псковская область,A,RandomForest,7.223596780608787,7.223596780608787
Республика Адыгея (Адыгея),A,RandomForest,5.840284779545463,4.270454697500168
Республика Алтай,A,RandomForest,5.9778440562420085,5.9778440562420085
Республика Башкортостан,A,RandomForest,5.706606015442252,4.316126026711511
Республика Бурятия,A,RandomForest,6.830671248664852,6.830671248664852
Республика Дагестан,A,RandomForest,4.574686408980634,1.5752300528083643
Республика Ингушетия,A,RandomForest,6.674424793022934,6.674424793022934
Республика Калмыкия,A,RandomForest,7.0376519592417095,4.0350452802593635
Республика Карелия,A,RandomForest,10.844406152492239,9.96100060744704
Республика Коми,A,RandomForest,9.640361780852066,8.244180114581003
Республика Марий Эл,A,RandomForest,5.490377636106693,4.734247885303653
Республика Мордовия,A,RandomForest,2.916404628658224,1.6072983364539235
Республика Саха (Якутия),A,RandomForest,9.072955182823362,9.072955182823362
Республика Северная Осетия - Алания,A,RandomForest,5.508234617142826,2.841741814391218
Республика Татарстан (Татарстан),A,RandomForest,9.13295973339475,2.6366532972890155
Республика Тыва,A,RandomForest,3.2909560247338416,3.0358052778515474
Республика Хакасия,A,RandomForest,9.23723208180189,6.542956138795684
Ростовская область,A,RandomForest,6.945893507921824,4.588356898922337
Рязанская область,A,RandomForest,5.1116476313188794,5.1116476313188794
Самарская область,A,RandomForest,5.559518839550449,5.559518839550449
Саратовская область,A,RandomForest,7.770135038741171,3.782534630481257
Сахалинская область,A,RandomForest,7.4707460991091885,5.70956865480758
Свердловская область,A,RandomForest,10.232507093132803,9.625301825494972
Смоленская область,A,RandomForest,7.691186142323603,4.940284885460984
Ставропольский край,A,RandomForest,4.856295384574333,4.856295384574333
Тамбовская область,A,RandomForest,10.674978888290207,5.519631226861331
Тверская область,A,RandomForest,8.171651384050769,7.243304440227244
Томская область,A,RandomForest,11.051276965634443,7.999912019210868
Тульская область,A,RandomForest,6.340464053305517,5.57551131479179
Тюменская область,A,RandomForest,5.866123593504888,4.894614201731151
Удмуртская Республика,A,RandomForest,7.115774208546319,7.115774208546319
Ульяновская область,A,RandomForest,4.944897350260352,4.944897350260352
Хабаровский край,A,RandomForest,12.037157272422855,6.350026427908607
Ханты-Мансийский автономный округ - Югра,A,RandomForest,9.051905741227152,5.768905508946799
Челябинская область,A,RandomForest,10.378510378510379,10.378510378510379
Чеченская Республика,A,RandomForest,5.030418399330094,1.2135620751623546
Чувашская Республика - Чувашия,A,RandomForest,7.092891868987972,7.092891868987972
Чукотский автономный округ,A,RandomForest,6.558602939633182,4.054644808743171
Ямало-Ненецкий автономный округ,A,RandomForest,3.63064750718608,3.63064750718608
Ярославская область,A,RandomForest,9.885039540111466,8.948353734371933
город Москва,A,RandomForest,11.362057423895168,11.362057423895168
город Санкт-Петербург,A,RandomForest,12.042258223779639,12.042258223779639
Алтайский край,B,RandomForest,16.164432115065342,8.255607804383352
Амурская область,B,RandomForest,13.31081778992454,7.426628489620616
Архангельская область,B,RandomForest,11.784722312974779,11.494036179665889
Астраханская область,B,RandomForest,8.967473754475389,8.967473754475389
Белгородская область,B,RandomForest,7.271207982036068,7.063557561671211
Брянская область,B,RandomForest,4.056068795440895,4.056068795440895
Владимирская область,B,RandomForest,13.475162090230121,8.398838122847337
Волгоградская область,B,RandomForest,4.887074304251105,4.887074304251105
Вологодская область,B,RandomForest,12.54140808702338,10.029476352238772
Воронежская область,B,RandomForest,5.769437318073611,5.769437318073611
Еврейская автономная область,B,RandomForest,5.36471872217859,4.588542142916235
Забайкальский край,B,RandomForest,9.395502429605068,9.053508856261045
Ивановская область,B,RandomForest,14.271827171120023,8.153721070601694
Иркутская область,B,RandomForest,13.780241746207848,8.65370139393631
Кабардино-Балкарская Республика,B,RandomForest,3.081651712315079,1.2130650886206835
Калининградская область,B,RandomForest,10.68197343965052,8.940712109656095
Калужская область,B,RandomForest,13.361356619640384,10.154374391955796
Камчатский край,B,RandomForest,12.684593978180999,9.007267991429654
Карачаево-Черкесская Республика,B,RandomForest,3.3834601087595133,1.5740305479073875
Кемеровская область - Кузбасс,B,RandomForest,3.777237477108016,3.777237477108016
Кировская область,B,RandomForest,12.571031032364544,12.571031032364544
Костромская область,B,RandomForest,15.971722046010427,10.00274290607554
Краснодарский край,B,RandomForest,5.625068763782653,5.625068763782653
Красноярский край,B,RandomForest,12.315542975253448,8.905301760493233
Курганская область,B,RandomForest,11.714228244771519,8.977572790485075
Курская область,B,RandomForest,8.402061601081817,7.833334240032213
Ленинградская область,B,RandomForest,9.382670206254582,9.328242601835486
Липецкая область,B,RandomForest,7.908666727801529,6.913983512210301
Магаданская область,B,RandomForest,7.800849705123308,6.156768240955536
Московская область,B,RandomForest,9.78789686226766,7.981989663218709
Мурманская область,B,RandomForest,11.609657662322292,11.004790918085718
Ненецкий автономный округ,B,RandomForest,17.26995752457275,8.64345738295318
Нижегородская область,B,RandomForest,7.096031092738492,7.096031092738492
Новгородская область,B,RandomForest,13.644636009632139,11.721385921835553
Новосибирская область,B,RandomForest,14.136436829797397,9.144806367018106
Омская область,B,RandomForest,16.172480151239128,8.662739909948629
Оренбургская область,B,RandomForest,13.532490996537222,7.813735410885475
Орловская область,B,RandomForest,11.516408182052798,9.2504362555349
Пензенская область,B,RandomForest,5.978703889510553,5.978703889510553
Пермский край,B,RandomForest,13.27427896486932,10.178687851313487
Приморский край,B,RandomForest,14.785765373712877,7.906551449985458
Псковская область,B,RandomForest,11.093579449219883,9.379266466073725
Республика Адыгея (Адыгея),B,RandomForest,3.7458719970231926,3.7458719970231926
Республика Алтай,B,RandomForest,14.465469289834767,7.261289804164655
Республика Башкортостан,B,RandomForest,3.031311884121678,3.031311884121678
Республика Бурятия,B,RandomForest,12.271017107329486,7.715063306117621
Республика Дагестан,B,RandomForest,3.186434529014754,3.186434529014754
Республика Ингушетия,B,RandomForest,2.8614450091732784,2.8614450091732784
Республика Калмыкия,B,RandomForest,15.009400217541845,9.579768336521683
Республика Карелия,B,RandomForest,13.50493671080446,13.50493671080446
Республика Коми,B,RandomForest,15.879341993504147,9.833479570172015
Республика Марий Эл,B,RandomForest,18.048116512355552,6.797626013541752
Республика Мордовия,B,RandomForest,4.52696827056652,4.0053651298245265
Республика Саха (Якутия),B,RandomForest,19.73500702072862,8.31713106451174
Республика Северная Осетия - Алания,B,RandomForest,5.019409540175995,5.019409540175995
Республика Татарстан (Татарстан),B,RandomForest,2.8966335659260474,2.549953464190635
Республика Тыва,B,RandomForest,2.6431474636835843,2.6431474636835843
Республика Хакасия,B,RandomForest,16.493535544022713,8.87278157273566
Ростовская область,B,RandomForest,8.862506068299973,6.8583208554621535
Рязанская область,B,RandomForest,7.285208218779824,7.285208218779824
Самарская область,B,RandomForest,11.24959551083309,7.602952730328387
Саратовская область,B,RandomForest,5.460043988519433,4.276075017645722
Сахалинская область,B,RandomForest,15.216289836238909,8.217747251768312
Свердловская область,B,RandomForest,13.530195544580751,11.016920434579696
Смоленская область,B,RandomForest,10.852574277101068,8.035789435553555
Ставропольский край,B,RandomForest,5.6497456812996445,5.6497456812996445
Тамбовская область,B,RandomForest,7.345173032281584,7.345173032281584
Тверская область,B,RandomForest,13.20024228798666,9.962180502572851
Томская область,B,RandomForest,12.802410340332463,10.298253727497835
Тульская область,B,RandomForest,7.4082080377621615,7.4082080377621615
Тюменская область,B,RandomForest,7.3437196094449,7.3437196094449
Удмуртская Республика,B,RandomForest,13.319704630241366,9.141599240082071
Ульяновская область,B,RandomForest,16.292973710884496,6.175291156193029
Хабаровский край,B,RandomForest,16.249878040927488,10.193775671101607
Ханты-Мансийский автономный округ - Югра,B,RandomForest,9.241249258979872,8.182430494458563
Челябинская область,B,RandomForest,13.402657007981603,12.158516125801283
Чеченская Республика,B,RandomForest,3.2126734910679193,0.9807165246177164
Чувашская Республика - Чувашия,B,RandomForest,11.939363238430184,10.472508301196996
Чукотский автономный округ,B,RandomForest,7.5132393944497515,7.5132393944497515
Ямало-Ненецкий автономный округ,B,RandomForest,3.0968834610274243,3.051318910275666
Ярославская область,B,RandomForest,16.17456440152061,12.404660588809273
город Москва,B,RandomForest,18.541005342332898,10.863709126895685
город Санкт-Петербург,B,RandomForest,13.123648530509277,13.123648530509277
Алтайский край,A,HistGradientBoosting,12.50994334746062,8.605630772432354
Амурская область,A,HistGradientBoosting,13.192854058585255,4.781068332226987
Архангельская область,A,HistGradientBoosting,10.579669939446134,7.2456908452648605
Астраханская область,A,HistGradientBoosting,9.455026865914498,9.455026865914498
Белгородская область,A,HistGradientBoosting,5.099082598635553,5.099082598635553
Брянская область,A,HistGradientBoosting,11.030518116431535,3.6254969748830566
Владимирская область,A,HistGradientBoosting,10.209916436318927,7.41425211498904
Волгоградская область,A,HistGradientBoosting,7.357560904569703,5.566738370709907
Вологодская область,A,HistGradientBoosting,13.504317180334533,8.638868981919822
Воронежская область,A,HistGradientBoosting,8.018192644163703,5.037004142990425
Еврейская автономная область,A,HistGradientBoosting,6.169612236056904,4.2938893897228825
Забайкальский край,A,HistGradientBoosting,11.692345756260755,5.133223021277501
Ивановская область,A,HistGradientBoosting,7.2160936655697085,6.864931377983844
Иркутская область,A,HistGradientBoosting,7.986171381872794,5.794395714223634
Кабардино-Балкарская Республика,A,HistGradientBoosting,1.532079133210179,1.0759868323578883
Калининградская область,A,HistGradientBoosting,9.762182530767204,7.880458385690216
Калужская область,A,HistGradientBoosting,7.625586554740007,6.485011842531477
Камчатский край,A,HistGradientBoosting,7.913772741651133,5.540114479420279
Карачаево-Черкесская Республика,A,HistGradientBoosting,3.172961882863179,3.172961882863179
Кемеровская область - Кузбасс,A,HistGradientBoosting,5.037529169723903,2.437083083534883
Кировская область,A,HistGradientBoosting,14.38373334767082,7.180461096015215
Костромская область,A,HistGradientBoosting,10.361894728385009,7.279912484182211
Краснодарский край,A,HistGradientBoosting,11.662590262746072,4.365713801643719
Красноярский край,A,HistGradientBoosting,11.751792801826795,7.559057289189429
Курганская область,A,HistGradientBoosting,8.904700922176826,7.972893241853644
Курская область,A,HistGradientBoosting,5.951434164085015,5.951434164085015
Ленинградская область,A,HistGradientBoosting,8.606314847394188,8.026464225749455
Липецкая область,A,HistGradientBoosting,5.390257597372515,5.390257597372515
Магаданская область,A,HistGradientBoosting,7.488188435590943,6.476318285939055
Московская область,A,HistGradientBoosting,8.040017162602826,7.246840262645701
Мурманская область,A,HistGradientBoosting,11.760888882777428,8.22980334839224
Ненецкий автономный округ,A,HistGradientBoosting,10.676424105320867,5.695343078520651
Нижегородская область,A,HistGradientBoosting,5.749464970421279,5.050507632668458
Новгородская область,A,HistGradientBoosting,11.11887313183304,8.80784654098206
Новосибирская область,A,HistGradientBoosting,10.521126596198865,6.831391147928603
Омская область,A,HistGradientBoosting,6.917038163657018,6.800890941919024
Оренбургская область,A,HistGradientBoosting,11.01386986424798,5.350128611093055
Орловская область,A,HistGradientBoosting,6.774732599268592,5.603950281623519
Пензенская область,A,HistGradientBoosting,11.454645586089761,3.995563028492434
Пермский край,A,HistGradientBoosting,9.272685422310213,8.05492518100755
Приморский край,A,HistGradientBoosting,10.90738145052079,6.909243335376725
Псковская область,A,HistGradientBoosting,7.796811645994485,7.223596780608784
Республика Адыгея (Адыгея),A,HistGradientBoosting,8.57237694679153,4.270454697500167
Республика Алтай,A,HistGradientBoosting,5.977844056242016,5.977844056242016
Республика Башкортостан,A,HistGradientBoosting,6.482754455098895,4.316126026711512
Республика Бурятия,A,HistGradientBoosting,6.830671248664849,6.830671248664849
Республика Дагестан,A,HistGradientBoosting,2.728845992034732,1.5752300528083623
Республика Ингушетия,A,HistGradientBoosting,7.354506548661167,6.6744247930229355
Республика Калмыкия,A,HistGradientBoosting,10.768143956822671,4.035045280259365
Республика Карелия,A,HistGradientBoosting,12.126770833734945,9.961000607447035
Республика Коми,A,HistGradientBoosting,9.314698503697851,8.244180114581
Республика Марий Эл,A,HistGradientBoosting,4.734247885303652,4.734247885303652
Республика Мордовия,A,HistGradientBoosting,2.4476897919083247,1.6072983364539255
Республика Саха (Якутия),A,HistGradientBoosting,9.072955182823362,9.072955182823362
Республика Северная Осетия - Алания,A,HistGradientBoosting,5.1826553923855725,2.8417418143912205
Республика Татарстан (Татарстан),A,HistGradientBoosting,9.505419176974938,2.636653297289022
Республика Тыва,A,HistGradientBoosting,4.4792162936843285,3.0358052778515447
Республика Хакасия,A,HistGradientBoosting,8.839093628141784,6.542956138795681
Ростовская область,A,HistGradientBoosting,8.687844020416492,4.588356898922337
Рязанская область,A,HistGradientBoosting,5.111647631318879,5.111647631318879
Самарская область,A,HistGradientBoosting,5.559518839550446,5.559518839550446
Саратовская область,A,HistGradientBoosting,9.710389625169745,3.782534630481256
Сахалинская область,A,HistGradientBoosting,7.213841201820191,5.709568654807575
Свердловская область,A,HistGradientBoosting,10.861418019353318,9.62530182549497
Смоленская область,A,HistGradientBoosting,8.906032271311245,4.940284885460991
Ставропольский край,A,HistGradientBoosting,4.856295384574329,4.856295384574329
Тамбовская область,A,HistGradientBoosting,12.074881290245818,5.519631226861335
Тверская область,A,HistGradientBoosting,10.243199546409848,7.243304440227246
Томская область,A,HistGradientBoosting,12.6781679389805,7.999912019210861
Тульская область,A,HistGradientBoosting,7.421432469061313,5.57551131479179
Тюменская область,A,HistGradientBoosting,8.239550484195858,4.894614201731151
Удмуртская Республика,A,HistGradientBoosting,7.115774208546321,7.115774208546321
Ульяновская область,A,HistGradientBoosting,5.610125382629373,4.944897350260355
Хабаровский край,A,HistGradientBoosting,12.858999977227974,6.350026427908607
Ханты-Мансийский автономный округ - Югра,A,HistGradientBoosting,9.251964698452152,5.768905508946795
Челябинская область,A,HistGradientBoosting,10.378510378510374,10.378510378510374
Чеченская Республика,A,HistGradientBoosting,4.238694280064256,1.2135620751623615
Чувашская Республика - Чувашия,A,HistGradientBoosting,7.092891868987966,7.092891868987966
Чукотский автономный округ,A,HistGradientBoosting,4.088456496962658,4.054644808743168
Ямало-Ненецкий автономный округ,A,HistGradientBoosting,3.690630410992947,3.6306475071860826
Ярославская область,A,HistGradientBoosting,11.0457512118886,8.94835373437193
город Москва,A,HistGradientBoosting,11.362057423895166,11.362057423895166
город Санкт-Петербург,A,HistGradientBoosting,12.042258223779635,12.042258223779635
Алтайский край,B,HistGradientBoosting,16.68719256116996,8.25560780438335
Амурская область,B,HistGradientBoosting,14.027137750547217,7.426628489620616
Архангельская область,B,HistGradientBoosting,14.096329136123266,11.494036179665896
Астраханская область,B,HistGradientBoosting,10.30257070907547,8.96747375447539
Белгородская область,B,HistGradientBoosting,8.919448107249165,7.06355756167121
Брянская область,B,HistGradientBoosting,4.528182933775392,4.0560687954408925
Владимирская область,B,HistGradientBoosting,12.989660061021253,8.398838122847339
Волгоградская область,B,HistGradientBoosting,4.887074304251112,4.887074304251112
Вологодская область,B,HistGradientBoosting,12.971469533439873,10.029476352238776
Воронежская область,B,HistGradientBoosting,9.182606697217368,5.769437318073611
Еврейская автономная область,B,HistGradientBoosting,8.593032475954208,4.588542142916234
Забайкальский край,B,HistGradientBoosting,9.294653407487564,9.053508856261042
Ивановская область,B,HistGradientBoosting,15.504618179428745,8.153721070601692
Иркутская область,B,HistGradientBoosting,15.895919448825834,8.653701393936311
Кабардино-Балкарская Республика,B,HistGradientBoosting,1.9712510507807242,1.2130650886206829
Калининградская область,B,HistGradientBoosting,13.121582528616743,8.940712109656097
Калужская область,B,HistGradientBoosting,15.147270536146747,10.1543743919558
Камчатский край,B,HistGradientBoosting,13.39373633992659,9.007267991429655
Карачаево-Черкесская Республика,B,HistGradientBoosting,1.578932993965795,1.5740305479073846
Кемеровская область - Кузбасс,B,HistGradientBoosting,11.856010028327498,3.7772374771080206
Кировская область,B,HistGradientBoosting,13.02502829571853,12.571031032364543
Костромская область,B,HistGradientBoosting,14.620015297680311,10.002742906075541
Краснодарский край,B,HistGradientBoosting,5.625068763782649,5.625068763782649
Красноярский край,B,HistGradientBoosting,13.346903381205735,8.905301760493227
Курганская область,B,HistGradientBoosting,15.400531988522877,8.97757279048508
Курская область,B,HistGradientBoosting,9.439715226559967,7.833334240032211
Ленинградская область,B,HistGradientBoosting,9.328242601835493,9.328242601835493
Липецкая область,B,HistGradientBoosting,10.98787971310339,6.913983512210301
Магаданская область,B,HistGradientBoosting,7.004104576317385,6.156768240955532
Московская область,B,HistGradientBoosting,12.916480301978488,7.9819896632187115
Мурманская область,B,HistGradientBoosting,11.325998793579359,11.004790918085712
Ненецкий автономный округ,B,HistGradientBoosting,16.06544474488582,8.643457382953176
Нижегородская область,B,HistGradientBoosting,10.368939575617595,7.096031092738495
Новгородская область,B,HistGradientBoosting,12.991202113170681,11.721385921835555
Новосибирская область,B,HistGradientBoosting,13.545645516935492,9.144806367018099
Омская область,B,HistGradientBoosting,17.002626596129613,8.662739909948625
Оренбургская область,B,HistGradientBoosting,14.226923685129174,7.813735410885468
Орловская область,B,HistGradientBoosting,11.914168595115706,9.250436255534902
Пензенская область,B,HistGradientBoosting,5.978703889510555,5.978703889510555
Пермский край,B,HistGradientBoosting,14.999100220342447,10.178687851313489
Приморский край,B,HistGradientBoosting,15.203249808762422,7.90655144998546
Псковская область,B,HistGradientBoosting,12.383063323447388,9.379266466073723
Республика Адыгея (Адыгея),B,HistGradientBoosting,3.745871997023189,3.745871997023189
Республика Алтай,B,HistGradientBoosting,15.50881252348794,7.261289804164657
Республика Башкортостан,B,HistGradientBoosting,3.225309293938153,3.0313118841216826
Республика Бурятия,B,HistGradientBoosting,13.299849901868937,7.715063306117616
Республика Дагестан,B,HistGradientBoosting,3.1864345290147535,3.1864345290147535
Республика Ингушетия,B,HistGradientBoosting,2.861445009173272,2.861445009173272
Республика Калмыкия,B,HistGradientBoosting,16.469310443388476,9.57976833652169
Республика Карелия,B,HistGradientBoosting,13.504936710804458,13.504936710804458
Республика Коми,B,HistGradientBoosting,17.81810279125598,9.833479570172019
Республика Марий Эл,B,HistGradientBoosting,20.11450619813432,6.797626013541755
Республика Мордовия,B,HistGradientBoosting,5.136808841770757,4.005365129824529
Республика Саха (Якутия),B,HistGradientBoosting,19.12302756420488,8.31713106451174
Республика Северная Осетия - Алания,B,HistGradientBoosting,5.019409540175996,5.019409540175996
Республика Татарстан (Татарстан),B,HistGradientBoosting,6.68076322310251,2.5499534641906383
Республика Тыва,B,HistGradientBoosting,2.643147463683591,2.643147463683591
Республика Хакасия,B,HistGradientBoosting,17.98524614109612,8.87278157273566
Ростовская область,B,HistGradientBoosting,10.979788285430281,6.858320855462156
Рязанская область,B,HistGradientBoosting,7.379918025735512,7.285208218779825
Самарская область,B,HistGradientBoosting,12.92810221904154,7.60295273032839
Саратовская область,B,HistGradientBoosting,6.345466812237234,4.276075017645718
Сахалинская область,B,HistGradientBoosting,13.890776026869014,8.21774725176831
Свердловская область,B,HistGradientBoosting,14.067393574417855,11.01692043457969
Смоленская область,B,HistGradientBoosting,11.384568964737682,8.035789435553555
Ставропольский край,B,HistGradientBoosting,6.214651111434548,5.649745681299645
Тамбовская область,B,HistGradientBoosting,7.931009846937191,7.345173032281582
Тверская область,B,HistGradientBoosting,14.340294212243966,9.962180502572858
Томская область,B,HistGradientBoosting,13.980085299810176,10.298253727497839
Тульская область,B,HistGradientBoosting,7.408208037762164,7.408208037762164
Тюменская область,B,HistGradientBoosting,7.8184694795542695,7.3437196094449035
Удмуртская Республика,B,HistGradientBoosting,15.840750067454843,9.141599240082067
Ульяновская область,B,HistGradientBoosting,17.17389949951248,6.175291156193033
Хабаровский край,B,HistGradientBoosting,17.015615131037922,10.193775671101603
Ханты-Мансийский автономный округ - Югра,B,HistGradientBoosting,10.374510330881336,8.182430494458572
Челябинская область,B,HistGradientBoosting,16.407568867237234,12.15851612580128
Чеченская Республика,B,HistGradientBoosting,4.217196953939563,0.9807165246177142
Чувашская Республика - Чувашия,B,HistGradientBoosting,15.336404604293241,10.472508301197
Чукотский автономный округ,B,HistGradientBoosting,7.513239394449744,7.513239394449744
Ямало-Ненецкий автономный округ,B,HistGradientBoosting,4.42971199897103,3.051318910275659
Ярославская область,B,HistGradientBoosting,16.23014575914082,12.404660588809278
город Москва,B,HistGradientBoosting,19.905168296102946,10.863709126895685
город Санкт-Петербург,B,HistGradientBoosting,13.181889400744199,13.123648530509277
Алтайский край,A,XGBoost,10.326031120860334,8.605632043998106
Амурская область,A,XGBoost,9.840411114222212,4.781067696444107
Архангельская область,A,XGBoost,7.6318675609085025,7.245688937916229
Астраханская область,A,XGBoost,9.455027501697375,9.455027501697375
Белгородская область,A,XGBoost,5.156602759531881,5.099083234418426
Брянская область,A,XGBoost,5.684793314704137,3.6254988822316907
Владимирская область,A,XGBoost,9.216599450343212,7.414255611794865
Волгоградская область,A,XGBoost,5.5667377349270275,5.5667377349270275
Вологодская область,A,XGBoost,11.87027659537898,8.63886898191982
Воронежская область,A,XGBoost,5.037005414556178,5.037005414556178
Еврейская автономная область,A,XGBoost,5.493582818189766,4.2938912970715215
Забайкальский край,A,XGBoost,9.09382234867646,5.133223657060376
Ивановская область,A,XGBoost,7.013302822312009,6.864931377983839
Иркутская область,A,XGBoost,8.563958186987907,5.794395714223636
Кабардино-Балкарская Республика,A,XGBoost,3.3708080074467244,1.0759851634278337
Калининградская область,A,XGBoost,7.880456478341579,7.880456478341579
Калужская область,A,XGBoost,6.485013114097234,6.485013114097234
Камчатский край,A,XGBoost,6.254613409323928,5.540115750986033
Карачаево-Черкесская Республика,A,XGBoost,3.172960611297425,3.172960611297425
Кемеровская область - Кузбасс,A,XGBoost,3.8142478037894976,2.4370821298605643
Кировская область,A,XGBoost,12.078577715925869,7.180459824449457
Костромская область,A,XGBoost,9.77762377348102,7.279911212616459
Краснодарский край,A,XGBoost,5.2717561764387435,4.365713801643717
Красноярский край,A,XGBoost,9.602074672089632,7.559056653406554
Курганская область,A,XGBoost,7.972891334505012,7.972891334505012
Курская область,A,XGBoost,5.951437978782285,5.951437978782285
Ленинградская область,A,XGBoost,8.026466133098092,8.026466133098092
Липецкая область,A,XGBoost,5.390255690023885,5.390255690023885
Магаданская область,A,XGBoost,6.476315742807544,6.476315742807544
Московская область,A,XGBoost,7.2468402626457005,7.2468402626457005
Мурманская область,A,XGBoost,8.933990910199189,8.229802712609361
Ненецкий автономный округ,A,XGBoost,7.804035196670739,5.695342442737771
Нижегородская область,A,XGBoost,5.050508268451334,5.050508268451334
Новгородская область,A,XGBoost,9.374621420004276,8.807845269416307
Новосибирская область,A,XGBoost,8.234410095092864,6.831391783711481
Омская область,A,XGBoost,10.956631844774828,6.8008903061361465
Оренбургская область,A,XGBoost,9.024527308112624,5.350127975310177
Орловская область,A,XGBoost,5.603950281623518,5.603950281623518
Пензенская область,A,XGBoost,6.167846176268124,3.9955623927095583
Пермский край,A,XGBoost,8.054926452573303,8.054926452573303
Приморский край,A,XGBoost,7.804782976616839,6.909243335376722
Псковская область,A,XGBoost,7.223594237477272,7.223594237477272
Республика Адыгея (Адыгея),A,XGBoost,4.270454697500168,4.270454697500168
Республика Алтай,A,XGBoost,5.977845963590646,5.977845963590646
Республика Башкортостан,A,XGBoost,4.633499343461014,4.3161244372543175
Республика Бурятия,A,XGBoost,7.4672992150618045,6.830669977099099
Республика Дагестан,A,XGBoost,7.3445546365457774,1.575231960156995
Республика Ингушетия,A,XGBoost,6.674425110914373,6.674425110914373
Республика Калмыкия,A,XGBoost,5.2846397332295085,4.035045280259365
Республика Карелия,A,XGBoost,9.961000607447042,9.961000607447042
Республика Коми,A,XGBoost,8.639587755521978,8.244182657712512
Республика Марий Эл,A,XGBoost,8.96847504050198,4.734247249520775
Республика Мордовия,A,XGBoost,5.723241644698834,1.6072981775082054
Республика Саха (Якутия),A,XGBoost,9.072956454389114,9.072956454389114
Республика Северная Осетия - Алания,A,XGBoost,6.202182533947773,2.841743244902695
Республика Татарстан (Татарстан),A,XGBoost,9.393795192279232,2.6366521846689834
Республика Тыва,A,XGBoost,4.154853449427985,3.035806310998719
Республика Хакасия,A,XGBoost,7.81962805290715,6.54295677457856
Ростовская область,A,XGBoost,4.588356263139461,4.588356263139461
Рязанская область,A,XGBoost,5.1116457239702475,5.1116457239702475
Самарская область,A,XGBoost,5.559518839550449,5.559518839550449
Саратовская область,A,XGBoost,4.399307045568073,3.782536219938453
Сахалинская область,A,XGBoost,5.709568654807579,5.709568654807579
Свердловская область,A,XGBoost,9.625301189712095,9.625301189712095
Смоленская область,A,XGBoost,7.349491362824751,4.940284885460984
Ставропольский край,A,XGBoost,4.8562934772257,4.8562934772257
Тамбовская область,A,XGBoost,6.45717517372335,5.519630591078456
Тверская область,A,XGBoost,7.289722012237301,7.243307619141632
Томская область,A,XGBoost,9.87616211965366,7.999914562342375
Тульская область,A,XGBoost,5.575513857923302,5.575513857923302
Тюменская область,A,XGBoost,6.196891479008419,4.894615473296901
Удмуртская Республика,A,XGBoost,7.115773572763442,7.115773572763442
Ульяновская область,A,XGBoost,4.944896078694598,4.944896078694598
Хабаровский край,A,XGBoost,9.715032831151278,6.350025792125728
Ханты-Мансийский автономный округ - Югра,A,XGBoost,7.113184952169121,5.768905508946797
Челябинская область,A,XGBoost,10.378511014293256,10.378511014293256
Чеченская Республика,A,XGBoost,10.06206239204912,1.2135612009609007
Чувашская Республика - Чувашия,A,XGBoost,7.092891868987969,7.092891868987969
Чукотский автономный округ,A,XGBoost,5.758152777597117,4.05464703398324
Ямало-Ненецкий автономный округ,A,XGBoost,4.095737732674055,3.630648778751836
Ярославская область,A,XGBoost,8.9483518270233,8.9483518270233
город Москва,A,XGBoost,11.362057423895164,11.362057423895164
город Санкт-Петербург,A,XGBoost,12.042259495345393,12.042259495345393
Алтайский край,B,XGBoost,16.41312292353646,8.255606532817595
Амурская область,B,XGBoost,13.050100449458037,7.42662976118637
Архангельская область,B,XGBoost,11.631437314637886,11.494035543883015
Астраханская область,B,XGBoost,9.724020639460083,8.967473754475394
Белгородская область,B,XGBoost,7.895618149666183,7.063558197454089
Брянская область,B,XGBoost,4.056068477549455,4.056068477549455
Владимирская область,B,XGBoost,13.590927626665383,8.398838758630212
Волгоградская область,B,XGBoost,4.887074940033983,4.887074940033983
Вологодская область,B,XGBoost,12.667432303931065,10.029477623804528
Воронежская область,B,XGBoost,5.76943763596505,5.76943763596505
Еврейская автономная область,B,XGBoost,5.445260118190634,4.588543096590551
Забайкальский край,B,XGBoost,10.184067241433828,9.053509492043922
Ивановская область,B,XGBoost,14.396160071434593,8.153722342167448
Иркутская область,B,XGBoost,13.19344145324803,8.65370202971919
Кабардино-Балкарская Республика,B,XGBoost,4.031371678619965,1.2130638170549284
Калининградская область,B,XGBoost,10.82564255291612,8.940713381221853
Калужская область,B,XGBoost,13.494097904852547,10.154373756172921
Камчатский край,B,XGBoost,11.638045890251574,9.007269898778288
Карачаево-Черкесская Республика,B,XGBoost,3.9406627709127204,1.5740281637215947
Кемеровская область - Кузбасс,B,XGBoost,3.777237794999458,3.777237794999458
Кировская область,B,XGBoost,12.9158455985417,12.571031032364543
Костромская область,B,XGBoost,15.447268268145885,10.002744177641294
Краснодарский край,B,XGBoost,5.625070035348408,5.625070035348408
Красноярский край,B,XGBoost,11.966720777462008,8.905303032058987
Курганская область,B,XGBoost,13.390616582446848,8.977572790485079
Курская область,B,XGBoost,7.833334240032208,7.833334240032208
Ленинградская область,B,XGBoost,9.328243873401243,9.328243873401243
Липецкая область,B,XGBoost,7.240460907759399,6.913982876427421
Магаданская область,B,XGBoost,6.156770148304166,6.156770148304166
Московская область,B,XGBoost,9.198703542254114,7.981990934784463
Мурманская область,B,XGBoost,11.004787103388452,11.004787103388452
Ненецкий автономный округ,B,XGBoost,15.680569752671168,8.643456747170303
Нижегородская область,B,XGBoost,7.096029185389862,7.096029185389862
Новгородская область,B,XGBoost,13.88524452684701,11.721388464967065
Новосибирская область,B,XGBoost,13.287447027738706,9.144804459669471
Омская область,B,XGBoost,16.81240220543603,8.662739909948627
Оренбургская область,B,XGBoost,13.190925208450219,7.813735410885471
Орловская область,B,XGBoost,11.278899604340237,9.25043879866641
Пензенская область,B,XGBoost,5.978704843184872,5.978704843184872
Пермский край,B,XGBoost,13.657862881434278,10.178686579747735
Приморский край,B,XGBoost,14.14505898942699,7.906548906853948
Псковская область,B,XGBoost,11.976978663545546,9.379266466073725
Республика Адыгея (Адыгея),B,XGBoost,3.7458691360002363,3.7458691360002363
Республика Алтай,B,XGBoost,15.620176458543776,7.261289804164658
Республика Башкортостан,B,XGBoost,3.03131474514463,3.03131474514463
Республика Бурятия,B,XGBoost,12.493458989944457,7.715062670334741
Республика Дагестан,B,XGBoost,3.1864319858832455,3.1864319858832455
Республика Ингушетия,B,XGBoost,3.909714282861742,2.861445327064714
Республика Калмыкия,B,XGBoost,16.294364417982685,9.579765157607296
Республика Карелия,B,XGBoost,13.504936075021583,13.504936075021583
Республика Коми,B,XGBoost,15.406705323515206,9.833482113303528
Республика Марий Эл,B,XGBoost,18.732518201128233,6.797627920890387
Республика Мордовия,B,XGBoost,4.857695085004345,4.005363858258772
Республика Саха (Якутия),B,XGBoost,20.119478558205255,8.31713106451174
Республика Северная Осетия - Алания,B,XGBoost,5.019407314935921,5.019407314935921
Республика Татарстан (Татарстан),B,XGBoost,3.859956471006754,2.54995282840776
Республика Тыва,B,XGBoost,2.7785969311592247,2.643147145792148
Республика Хакасия,B,XGBoost,16.481078475013994,8.872780936952786
Ростовская область,B,XGBoost,7.730293868431183,6.8583208554621535
Рязанская область,B,XGBoost,7.285208218779823,7.285208218779823
Самарская область,B,XGBoost,11.298244334053942,7.60295495556846
Саратовская область,B,XGBoost,6.703994583879485,4.276073110297085
Сахалинская область,B,XGBoost,13.541630678446873,8.217746615985435
Свердловская область,B,XGBoost,13.7338173615509,11.016921706145448
Смоленская область,B,XGBoost,11.070856092706208,8.035788799770677
Ставропольский край,B,XGBoost,5.649744409733888,5.649744409733888
Тамбовская область,B,XGBoost,7.345170171258633,7.345170171258633
Тверская область,B,XGBoost,13.835153316212207,9.962179866789974
Томская область,B,XGBoost,12.410634214616929,10.298254999063591
Тульская область,B,XGBoost,7.408209309327918,7.408209309327918
Тюменская область,B,XGBoost,7.343720881010655,7.343720881010655
Удмуртская Республика,B,XGBoost,13.780544915246766,9.141599240082071
Ульяновская область,B,XGBoost,16.188345738451773,6.175292427758786
Хабаровский край,B,XGBoost,15.801121428085807,10.193775671101605
Ханты-Мансийский автономный округ - Югра,B,XGBoost,8.182429858675691,8.182429858675691
Челябинская область,B,XGBoost,14.08262825012207,12.158515490018404
Чеченская Республика,B,XGBoost,6.975051489329964,0.9807154119976813
Чувашская Республика - Чувашия,B,XGBoost,13.096011060473122,10.472508936979876
Чукотский автономный округ,B,XGBoost,7.5132390765583095,7.5132390765583095
Ямало-Ненецкий автономный округ,B,XGBoost,3.0513173208184683,3.0513173208184683
Ярославская область,B,XGBoost,16.8764569108373,12.404661224592154
город Москва,B,XGBoost,17.21196386024823,10.863709762678562
город Санкт-Петербург,B,XGBoost,13.123649166292152,13.123649166292152
Алтайский край,A,CatBoost,10.777471251230148,8.605630772432352
Амурская область,A,CatBoost,11.849861397299142,4.781068332226983
Архангельская область,A,CatBoost,9.225176527442853,7.245690845264863
Астраханская область,A,CatBoost,9.455026865914503,9.455026865914503
Белгородская область,A,CatBoost,5.120412763209251,5.099082598635545
Брянская область,A,CatBoost,6.006320028861573,3.62549697488306
Владимирская область,A,CatBoost,8.287355986532189,7.414252114989044
Волгоградская область,A,CatBoost,5.7951324864035385,5.566738370709911
Вологодская область,A,CatBoost,12.020290371824181,8.638868981919815
Воронежская область,A,CatBoost,5.037004142990422,5.037004142990422
Еврейская автономная область,A,CatBoost,7.076331700473118,4.293889389722889
Забайкальский край,A,CatBoost,10.962394663961755,5.133223021277498
Ивановская область,A,CatBoost,7.095015547624265,6.864931377983843
Иркутская область,A,CatBoost,10.620552907248188,5.7943957142236435
Кабардино-Балкарская Республика,A,CatBoost,3.284377217780705,1.075986832357885
Калининградская область,A,CatBoost,7.880458385690218,7.880458385690218
Калужская область,A,CatBoost,6.485011842531478,6.485011842531478
Камчатский край,A,CatBoost,6.93619760713101,5.540114479420279
Карачаево-Черкесская Республика,A,CatBoost,3.1729618828631807,3.1729618828631807
Кемеровская область - Кузбасс,A,CatBoost,5.463878820963505,2.437083083534882
Кировская область,A,CatBoost,12.814064705996683,7.180461096015215
Костромская область,A,CatBoost,10.464807016633808,7.279912484182211
Краснодарский край,A,CatBoost,7.047221900650267,4.365713801643716
Красноярский край,A,CatBoost,10.509946066901286,7.55905728918943
Курганская область,A,CatBoost,8.223169224082058,7.972893241853639
Курская область,A,CatBoost,5.9514341640850175,5.9514341640850175
Ленинградская область,A,CatBoost,8.026464225749459,8.026464225749459
Липецкая область,A,CatBoost,5.390257597372518,5.390257597372518
Магаданская область,A,CatBoost,7.169402549504444,6.476318285939058
Московская область,A,CatBoost,7.564779941980473,7.246840262645698
Мурманская область,A,CatBoost,10.531840755312624,8.229803348392233
Ненецкий автономный округ,A,CatBoost,8.301809433295038,5.69534307852065
Нижегородская область,A,CatBoost,5.050507632668457,5.050507632668457
Новгородская область,A,CatBoost,8.807846540982064,8.807846540982064
Новосибирская область,A,CatBoost,9.769858975236035,6.831391147928602
Омская область,A,CatBoost,10.634296772452506,6.800890941919023
Оренбургская область,A,CatBoost,10.057943618768741,5.3501286110930515
Орловская область,A,CatBoost,5.603950281623521,5.603950281623521
Пензенская область,A,CatBoost,6.935756291781407,3.9955630284924357
Пермский край,A,CatBoost,8.05492518100755,8.05492518100755
Приморский край,A,CatBoost,9.21758621415,6.909243335376728
Псковская область,A,CatBoost,7.223596780608784,7.223596780608784
Республика Адыгея (Адыгея),A,CatBoost,4.906601234102278,4.270454697500166
Республика Алтай,A,CatBoost,5.977844056242013,5.977844056242013
Республика Башкортостан,A,CatBoost,5.130391188085178,4.316126026711505
Республика Бурятия,A,CatBoost,7.113247389429489,6.830671248664854
Республика Дагестан,A,CatBoost,6.817288740770652,1.5752300528083634
Республика Ингушетия,A,CatBoost,6.674424793022933,6.674424793022933
Республика Калмыкия,A,CatBoost,7.1191367055245935,4.035045280259365
Республика Карелия,A,CatBoost,10.890616291366774,9.961000607447042
Республика Коми,A,CatBoost,8.244180114581,8.244180114581
Республика Марий Эл,A,CatBoost,9.495407881106702,4.734247885303651
Республика Мордовия,A,CatBoost,4.711892316027446,1.6072983364539193
Республика Саха (Якутия),A,CatBoost,9.072955182823357,9.072955182823357
Республика Северная Осетия - Алания,A,CatBoost,5.861850553860381,2.84174181439122
Республика Татарстан (Татарстан),A,CatBoost,9.772260066144218,2.636653297289017
Республика Тыва,A,CatBoost,3.513791842097131,3.035805277851543
Республика Хакасия,A,CatBoost,8.81125103108381,6.542956138795682
Ростовская область,A,CatBoost,4.630375942779179,4.588356898922339
Рязанская область,A,CatBoost,5.111647631318878,5.111647631318878
Самарская область,A,CatBoost,5.559518839550446,5.559518839550446
Саратовская область,A,CatBoost,7.074941169878596,3.7825346304812624
Сахалинская область,A,CatBoost,6.545808245653969,5.709568654807577
Свердловская область,A,CatBoost,10.499376942178316,9.625301825494974
Смоленская область,A,CatBoost,6.892066478290171,4.94028488546098
Ставропольский край,A,CatBoost,4.8562953845743335,4.8562953845743335
Тамбовская область,A,CatBoost,11.844984285022255,5.5196312268613275
Тверская область,A,CatBoost,7.254813216288802,7.2433044402272415
Томская область,A,CatBoost,10.668593640252078,7.999912019210858
Тульская область,A,CatBoost,6.466991121342801,5.575511314791792
Тюменская область,A,CatBoost,6.975232165202574,4.894614201731147
Удмуртская Республика,A,CatBoost,7.11577420854632,7.11577420854632
Ульяновская область,A,CatBoost,4.9448973502603515,4.9448973502603515
Хабаровский край,A,CatBoost,11.275614750551298,6.350026427908603
Ханты-Мансийский автономный округ - Югра,A,CatBoost,7.830589569384396,5.7689055089467915
Челябинская область,A,CatBoost,10.37851037851038,10.37851037851038
Чеченская Республика,A,CatBoost,8.8200083796274,1.213562075162361
Чувашская Республика - Чувашия,A,CatBoost,7.092891868987972,7.092891868987972
Чукотский автономный округ,A,CatBoost,5.457681670383136,4.05464480874317
Ямало-Ненецкий автономный округ,A,CatBoost,3.6306475071860844,3.6306475071860844
Ярославская область,A,CatBoost,9.841937804683134,8.948353734371937
город Москва,A,CatBoost,11.362057423895166,11.362057423895166
город Санкт-Петербург,A,CatBoost,12.04225822377964,12.04225822377964
Алтайский край,B,CatBoost,15.031923363503559,8.255607804383352
Амурская область,B,CatBoost,11.851230942823952,7.426628489620614
Архангельская область,B,CatBoost,11.494036179665889,11.494036179665889
Астраханская область,B,CatBoost,8.967473754475398,8.967473754475398
Белгородская область,B,CatBoost,7.06355756167121,7.06355756167121
Брянская область,B,CatBoost,4.056068795440895,4.056068795440895
Владимирская область,B,CatBoost,13.064415278235828,8.398838122847335
Волгоградская область,B,CatBoost,4.8870743042511045,4.8870743042511045
Вологодская область,B,CatBoost,11.61189886648579,10.029476352238776
Воронежская область,B,CatBoost,5.76943731807361,5.76943731807361
Еврейская автономная область,B,CatBoost,5.777658944297147,4.588542142916237
Забайкальский край,B,CatBoost,9.053508856261042,9.053508856261042
Ивановская область,B,CatBoost,13.504369755262454,8.153721070601696
Иркутская область,B,CatBoost,13.478584183987396,8.653701393936311
Кабардино-Балкарская Республика,B,CatBoost,5.562136544332421,1.2130650886206844
Калининградская область,B,CatBoost,10.19736304487474,8.940712109656095
Калужская область,B,CatBoost,13.224137311657756,10.154374391955798
Камчатский край,B,CatBoost,12.29808505017454,9.007267991429659
Карачаево-Черкесская Республика,B,CatBoost,3.8267754332993333,1.574030547907385
Кемеровская область - Кузбасс,B,CatBoost,3.777237477108016,3.777237477108016
Кировская область,B,CatBoost,12.57103103236455,12.57103103236455
Костромская область,B,CatBoost,14.510398977386112,10.002742906075538
Краснодарский край,B,CatBoost,5.62506876378265,5.62506876378265
Красноярский край,B,CatBoost,11.43806329986675,8.905301760493229
Курганская область,B,CatBoost,11.332168881486012,8.97757279048508
Курская область,B,CatBoost,8.549113670376558,7.833334240032207
Ленинградская область,B,CatBoost,9.328242601835491,9.328242601835491
Липецкая область,B,CatBoost,7.117175616354569,6.913983512210297
Магаданская область,B,CatBoost,6.581466916458886,6.156768240955533
Московская область,B,CatBoost,9.707920703734393,7.981989663218708
Мурманская область,B,CatBoost,11.004790918085718,11.004790918085718
Ненецкий автономный округ,B,CatBoost,15.40429062101506,8.643457382953178
Нижегородская область,B,CatBoost,7.096031092738493,7.096031092738493
Новгородская область,B,CatBoost,12.709573068273805,11.721385921835555
Новосибирская область,B,CatBoost,12.895478876040812,9.144806367018104
Омская область,B,CatBoost,15.842404348290993,8.662739909948629
Оренбургская область,B,CatBoost,12.644734391834753,7.813735410885471
Орловская область,B,CatBoost,11.171752017819552,9.250436255534908
Пензенская область,B,CatBoost,5.978703889510551,5.978703889510551
Пермский край,B,CatBoost,12.936021043323635,10.178687851313489
Приморский край,B,CatBoost,13.64081787925086,7.906551449985457
Псковская область,B,CatBoost,10.719552888139509,9.37926646607373
Республика Адыгея (Адыгея),B,CatBoost,3.7458719970231904,3.7458719970231904
Республика Алтай,B,CatBoost,14.073439217052595,7.261289804164654
Республика Башкортостан,B,CatBoost,3.0313118841216795,3.0313118841216795
Республика Бурятия,B,CatBoost,11.630219613283424,7.715063306117616
Республика Дагестан,B,CatBoost,4.478371074645234,3.186434529014756
Республика Ингушетия,B,CatBoost,5.925296128397093,2.86144500917328
Республика Калмыкия,B,CatBoost,14.148927575611,9.579768336521685
Республика Карелия,B,CatBoost,13.50493671080446,13.50493671080446
Республика Коми,B,CatBoost,14.59916811515843,9.833479570172015
Республика Марий Эл,B,CatBoost,17.699727234000864,6.797626013541756
Республика Мордовия,B,CatBoost,4.005365129824528,4.005365129824528
Республика Саха (Якутия),B,CatBoost,17.95308404936607,8.317131064511742
Республика Северная Осетия - Алания,B,CatBoost,5.079871509953783,5.019409540175988
Республика Татарстан (Татарстан),B,CatBoost,3.259015109671177,2.5499534641906405
Республика Тыва,B,CatBoost,6.714688140866531,2.6431474636835888
Республика Хакасия,B,CatBoost,14.041477846950114,8.87278157273566
Ростовская область,B,CatBoost,7.386736486481872,6.858320855462157
Рязанская область,B,CatBoost,7.285208218779822,7.285208218779822
Самарская область,B,CatBoost,11.108039008260063,7.602952730328389
Саратовская область,B,CatBoost,4.276075017645717,4.276075017645717
Сахалинская область,B,CatBoost,14.031356385900088,8.21774725176831
Свердловская область,B,CatBoost,12.905750187311007,11.01692043457969
Смоленская область,B,CatBoost,10.067134801082796,8.035789435553559
Ставропольский край,B,CatBoost,5.649745681299641,5.649745681299641
Тамбовская область,B,CatBoost,7.345173032281586,7.345173032281586
Тверская область,B,CatBoost,13.077699915031644,9.962180502572851
Томская область,B,CatBoost,11.541867010216459,10.298253727497833
Тульская область,B,CatBoost,7.408208037762168,7.408208037762168
Тюменская область,B,CatBoost,7.343719609444899,7.343719609444899
Удмуртская Республика,B,CatBoost,13.175162190072257,9.141599240082071
Ульяновская область,B,CatBoost,15.210335889902106,6.175291156193033
Хабаровский край,B,CatBoost,15.079294465483366,10.193775671101603
Ханты-Мансийский автономный округ - Югра,B,CatBoost,8.18243049445857,8.18243049445857
Челябинская область,B,CatBoost,12.234225056880822,12.158516125801283
Чеченская Республика,B,CatBoost,10.307824263541212,0.9807165246177186
Чувашская Республика - Чувашия,B,CatBoost,12.164723458837953,10.472508301196997
Чукотский автономный округ,B,CatBoost,8.360125755718803,7.513239394449745
Ямало-Ненецкий автономный округ,B,CatBoost,3.0513189102756653,3.0513189102756653
Ярославская область,B,CatBoost,15.193569638439671,12.404660588809277
город Москва,B,CatBoost,17.388529624882043,10.863709126895685
город Санкт-Петербург,B,CatBoost,13.123648530509271,13.123648530509271
Алтайский край,A,MLPSklearn,9.535251055057644,8.605630772432349
Амурская область,A,MLPSklearn,10.174533804171693,4.781068332226983
Архангельская область,A,MLPSklearn,7.245690845264861,7.245690845264861
Астраханская область,A,MLPSklearn,9.455026865914498,9.455026865914498
Белгородская область,A,MLPSklearn,5.099082598635548,5.099082598635548
Брянская область,A,MLPSklearn,10.601681764236142,3.625496974883059
Владимирская область,A,MLPSklearn,7.414252114989041,7.414252114989041
Волгоградская область,A,MLPSklearn,6.163469610896601,5.566738370709906
Вологодская область,A,MLPSklearn,9.74570346645335,8.638868981919819
Воронежская область,A,MLPSklearn,9.562393262691586,5.037004142990422
Еврейская автономная область,A,MLPSklearn,4.9132495736398845,4.293889389722889
Забайкальский край,A,MLPSklearn,8.18693993805075,5.133223021277499
Ивановская область,A,MLPSklearn,6.864931377983837,6.864931377983837
Иркутская область,A,MLPSklearn,5.794395714223639,5.794395714223639
Кабардино-Балкарская Республика,A,MLPSklearn,2.206077477108916,1.0759868323578923
Калининградская область,A,MLPSklearn,7.880458385690214,7.880458385690214
Калужская область,A,MLPSklearn,6.485011842531481,6.485011842531481
Камчатский край,A,MLPSklearn,5.963185569279034,5.540114479420282
Карачаево-Черкесская Республика,A,MLPSklearn,3.172961882863179,3.172961882863179
Кемеровская область - Кузбасс,A,MLPSklearn,6.339503738172408,2.4370830835348842
Кировская область,A,MLPSklearn,11.177768121604723,7.180461096015208
Костромская область,A,MLPSklearn,7.891840937552995,7.279912484182213
Краснодарский край,A,MLPSklearn,10.78450641727813,4.365713801643715
Красноярский край,A,MLPSklearn,7.559057289189433,7.559057289189433
Курганская область,A,MLPSklearn,7.97289324185365,7.97289324185365
Курская область,A,MLPSklearn,7.844869165645811,5.9514341640850175
Ленинградская область,A,MLPSklearn,8.026464225749459,8.026464225749459
Липецкая область,A,MLPSklearn,7.965539362421677,5.390257597372518
Магаданская область,A,MLPSklearn,6.476318285939057,6.476318285939057
Московская область,A,MLPSklearn,7.246840262645697,7.246840262645697
Мурманская область,A,MLPSklearn,8.22980334839224,8.22980334839224
Ненецкий автономный округ,A,MLPSklearn,5.695343078520646,5.695343078520646
Нижегородская область,A,MLPSklearn,10.706110842628142,5.050507632668454
Новгородская область,A,MLPSklearn,8.80784654098206,8.80784654098206
Новосибирская область,A,MLPSklearn,6.831391147928603,6.831391147928603
Омская область,A,MLPSklearn,6.800890941919022,6.800890941919022
Оренбургская область,A,MLPSklearn,8.086345865881475,5.3501286110930595
Орловская область,A,MLPSklearn,5.627012857920856,5.603950281623516
Пензенская область,A,MLPSklearn,10.357912984050394,3.9955630284924335
Пермский край,A,MLPSklearn,8.05492518100755,8.05492518100755
Приморский край,A,MLPSklearn,6.909243335376723,6.909243335376723
Псковская область,A,MLPSklearn,7.223596780608784,7.223596780608784
Республика Адыгея (Адыгея),A,MLPSklearn,8.382423242392397,4.2704546975001705
Республика Алтай,A,MLPSklearn,5.9778440562420085,5.9778440562420085
Республика Башкортостан,A,MLPSklearn,4.316126026711509,4.316126026711509
Республика Бурятия,A,MLPSklearn,6.830671248664852,6.830671248664852
Республика Дагестан,A,MLPSklearn,7.051187167974223,1.5752300528083627
Республика Ингушетия,A,MLPSklearn,6.674424793022933,6.674424793022933
Республика Калмыкия,A,MLPSklearn,9.771023560179344,4.035045280259368
Республика Карелия,A,MLPSklearn,9.961000607447042,9.961000607447042
Республика Коми,A,MLPSklearn,8.940719021640824,8.244180114580997
Республика Марий Эл,A,MLPSklearn,4.734247885303648,4.734247885303648
Республика Мордовия,A,MLPSklearn,4.535720504456305,1.60729833645392
Республика Саха (Якутия),A,MLPSklearn,9.072955182823357,9.072955182823357
Республика Северная Осетия - Алания,A,MLPSklearn,3.4629828500628292,2.841741814391215
Республика Татарстан (Татарстан),A,MLPSklearn,14.125793253639175,2.636653297289017
Республика Тыва,A,MLPSklearn,3.0358052778515465,3.0358052778515465
Республика Хакасия,A,MLPSklearn,6.542956138795681,6.542956138795681
Ростовская область,A,MLPSklearn,11.04461201652485,4.588356898922339
Рязанская область,A,MLPSklearn,8.089508969825822,5.111647631318877
Самарская область,A,MLPSklearn,5.656247995635358,5.5595188395504485
Саратовская область,A,MLPSklearn,10.647679506663373,3.782534630481258
Сахалинская область,A,MLPSklearn,5.825306722824653,5.709568654807577
Свердловская область,A,MLPSklearn,9.62530182549497,9.62530182549497
Смоленская область,A,MLPSklearn,5.509000652343679,4.940284885460982
Ставропольский край,A,MLPSklearn,10.126102715889191,4.856295384574332
Тамбовская область,A,MLPSklearn,13.84470643638519,5.519631226861332
Тверская область,A,MLPSklearn,7.2433044402272415,7.2433044402272415
Томская область,A,MLPSklearn,7.999912019210863,7.999912019210863
Тульская область,A,MLPSklearn,9.023297834642177,5.57551131479179
Тюменская область,A,MLPSklearn,4.894614201731144,4.894614201731144
Удмуртская Республика,A,MLPSklearn,9.947664783596407,7.115774208546315
Ульяновская область,A,MLPSklearn,4.944897350260354,4.944897350260354
Хабаровский край,A,MLPSklearn,8.720666269207795,6.350026427908605
Ханты-Мансийский автономный округ - Югра,A,MLPSklearn,7.713288505646092,5.768905508946793
Челябинская область,A,MLPSklearn,10.378510378510377,10.378510378510377
Чеченская Республика,A,MLPSklearn,9.889688963930487,1.2135620751623533
Чувашская Республика - Чувашия,A,MLPSklearn,7.092891868987972,7.092891868987972
Чукотский автономный округ,A,MLPSklearn,5.2329875373108905,4.05464480874317
Ямало-Ненецкий автономный округ,A,MLPSklearn,7.037961516774048,3.6306475071860795
Ярославская область,A,MLPSklearn,8.948353734371931,8.948353734371931
город Москва,A,MLPSklearn,11.362057423895159,11.362057423895159
город Санкт-Петербург,A,MLPSklearn,12.042258223779639,12.042258223779639
Алтайский край,B,MLPSklearn,15.600569773626532,8.255607804383354
Амурская область,B,MLPSklearn,12.100992094636043,7.426628489620619
Архангельская область,B,MLPSklearn,11.494036179665889,11.494036179665889
Астраханская область,B,MLPSklearn,8.967473754475392,8.967473754475392
Белгородская область,B,MLPSklearn,8.744015543023236,7.06355756167121
Брянская область,B,MLPSklearn,4.0560687954408925,4.0560687954408925
Владимирская область,B,MLPSklearn,13.205520452618595,8.398838122847337
Волгоградская область,B,MLPSklearn,4.887074304251102,4.887074304251102
Вологодская область,B,MLPSklearn,12.288621335699274,10.029476352238772
Воронежская область,B,MLPSklearn,7.282007752907357,5.769437318073609
Еврейская автономная область,B,MLPSklearn,8.029326766248518,4.588542142916231
Забайкальский край,B,MLPSklearn,9.053508856261045,9.053508856261045
Ивановская область,B,MLPSklearn,13.547879079393839,8.153721070601689
Иркутская область,B,MLPSklearn,13.287334429433473,8.65370139393631
Кабардино-Балкарская Республика,B,MLPSklearn,2.357907407613838,1.2130650886206833
Калининградская область,B,MLPSklearn,11.464006153861936,8.940712109656095
Калужская область,B,MLPSklearn,12.670260075180366,10.1543743919558
Камчатский край,B,MLPSklearn,14.615251824029073,9.007267991429652
Карачаево-Черкесская Республика,B,MLPSklearn,1.574030547907385,1.574030547907385
Кемеровская область - Кузбасс,B,MLPSklearn,12.19136823082654,3.7772374771080197
Кировская область,B,MLPSklearn,12.571031032364544,12.571031032364544
Костромская область,B,MLPSklearn,15.37424267594067,10.00274290607554
Краснодарский край,B,MLPSklearn,5.6250687637826475,5.6250687637826475
Красноярский край,B,MLPSklearn,11.379328335546163,8.905301760493233
Курганская область,B,MLPSklearn,10.196193616301445,8.97757279048508
Курская область,B,MLPSklearn,9.323328837046908,7.833334240032204
Ленинградская область,B,MLPSklearn,13.263703266232193,9.328242601835488
Липецкая область,B,MLPSklearn,9.432319719635851,6.913983512210302
Магаданская область,B,MLPSklearn,9.015696022246388,6.156768240955533
Московская область,B,MLPSklearn,12.026608714746095,7.981989663218708
Мурманская область,B,MLPSklearn,11.069188571585167,11.004790918085712
Ненецкий автономный округ,B,MLPSklearn,16.330199813901576,8.643457382953184
Нижегородская область,B,MLPSklearn,7.328873173534196,7.096031092738497
Новгородская область,B,MLPSklearn,13.19293673755731,11.721385921835555
Новосибирская область,B,MLPSklearn,12.544163639687627,9.144806367018104
Омская область,B,MLPSklearn,15.794699317449284,8.662739909948629
Оренбургская область,B,MLPSklearn,12.787308249437586,7.813735410885466
Орловская область,B,MLPSklearn,11.347263779661802,9.250436255534902
Пензенская область,B,MLPSklearn,5.978703889510555,5.978703889510555
Пермский край,B,MLPSklearn,12.16239834544217,10.178687851313493
Приморский край,B,MLPSklearn,13.668394772074317,7.906551449985461
Псковская область,B,MLPSklearn,10.832175347976708,9.379266466073728
Республика Адыгея (Адыгея),B,MLPSklearn,4.14108253228664,3.7458719970231917
Республика Алтай,B,MLPSklearn,17.95205388379621,7.2612898041646625
Республика Башкортостан,B,MLPSklearn,3.03131188412168,3.03131188412168
Республика Бурятия,B,MLPSklearn,13.162068919379855,7.715063306117618
Республика Дагестан,B,MLPSklearn,4.167898785247152,3.1864345290147607
Республика Ингушетия,B,MLPSklearn,3.627258124888457,2.861445009173281
Республика Калмыкия,B,MLPSklearn,17.24314388137225,9.579768336521683
Республика Карелия,B,MLPSklearn,13.504936710804458,13.504936710804458
Республика Коми,B,MLPSklearn,15.643621008640276,9.833479570172019
Республика Марий Эл,B,MLPSklearn,18.767763098869704,6.797626013541751
Республика Мордовия,B,MLPSklearn,4.005365129824529,4.005365129824529
Республика Саха (Якутия),B,MLPSklearn,21.392705688878,8.31713106451174
Республика Северная Осетия - Алания,B,MLPSklearn,9.361027525534766,5.019409540175991
Республика Татарстан (Татарстан),B,MLPSklearn,9.891437194636554,2.5499534641906343
Республика Тыва,B,MLPSklearn,5.431691255325769,2.643147463683586
Республика Хакасия,B,MLPSklearn,16.310478543648774,8.872781572735667
Ростовская область,B,MLPSklearn,10.701393619533848,6.858320855462156
Рязанская область,B,MLPSklearn,8.230512459457126,7.285208218779817
Самарская область,B,MLPSklearn,10.753536961334257,7.602952730328386
Саратовская область,B,MLPSklearn,6.174555533999656,4.276075017645716
Сахалинская область,B,MLPSklearn,15.3875584754224,8.217747251768312
Свердловская область,B,MLPSklearn,12.304112475119544,11.016920434579701
Смоленская область,B,MLPSklearn,11.274960273233988,8.035789435553552
Ставропольский край,B,MLPSklearn,5.649745681299646,5.649745681299646
Тамбовская область,B,MLPSklearn,7.345173032281583,7.345173032281583
Тверская область,B,MLPSklearn,12.893344541616566,9.962180502572856
Томская область,B,MLPSklearn,12.798428855014365,10.298253727497835
Тульская область,B,MLPSklearn,7.408208037762165,7.408208037762165
Тюменская область,B,MLPSklearn,7.343719609444901,7.343719609444901
Удмуртская Республика,B,MLPSklearn,12.93016395744794,9.141599240082071
Ульяновская область,B,MLPSklearn,15.717936487138369,6.175291156193031
Хабаровский край,B,MLPSklearn,14.276406955920466,10.193775671101607
Ханты-Мансийский автономный округ - Югра,B,MLPSklearn,10.067216227577903,8.182430494458567
Челябинская область,B,MLPSklearn,12.158516125801283,12.158516125801283
Чеченская Республика,B,MLPSklearn,6.812217780952686,0.980716524617712
Чувашская Республика - Чувашия,B,MLPSklearn,13.175259229175062,10.472508301197003
Чукотский автономный округ,B,MLPSklearn,8.259824874206805,7.5132393944497515
Ямало-Ненецкий автономный округ,B,MLPSklearn,6.583860730651472,3.051318910275665
Ярославская область,B,MLPSklearn,14.984585448455325,12.404660588809277
город Москва,B,MLPSklearn,20.529412978250722,10.863709126895687
город Санкт-Петербург,B,MLPSklearn,13.123648530509271,13.123648530509271
