region_name,Experiment,region_mae,region_bias
Алтайский край,A,6.541,1.442
Алтайский край,B,13.08,1.713
Амурская область,A,7.988,-2.057
Амурская область,B,9.862,1.444
Архангельская область,A,7.645,0.765
Архангельская область,B,8.938,4.745
Астраханская область,A,5.668,2.454
Астраханская область,B,5.465,1.392
Белгородская область,A,6.753,-1.812
Белгородская область,B,5.168,1.532
Брянская область,A,10.61,-3.875
Брянская область,B,2.585,0.02
Владимирская область,A,6.571,-1.049
Владимирская область,B,9.81,0.935
Волгоградская область,A,6.156,-2.792
Волгоградская область,B,2.777,0.385
Вологодская область,A,8.018,1.079
Вологодская область,B,9.544,3.062
Воронежская область,A,9.178,-2.586
Воронежская область,B,4.779,-0.105
Еврейская автономная область,A,5.597,-2.177
Еврейская автономная область,B,5.681,0.333
Забайкальский край,A,6.805,-1.854
Забайкальский край,B,7.335,3.219
Ивановская область,A,4.514,-1.041
Ивановская область,B,10.677,1.663
Иркутская область,A,5.79,-1.55
Иркутская область,B,10.559,2.512
Кабардино-Балкарская Республика,A,4.882,0.077
Кабардино-Балкарская Республика,B,3.538,-0.443
Калининградская область,A,6.028,-0.407
Калининградская область,B,7.247,2.068
Калужская область,A,5.974,-1.972
Калужская область,B,10.107,3.642
Камчатский край,A,6.924,-1.011
Камчатский край,B,10.272,2.945
Карачаево-Черкесская Республика,A,5.54,2.041
Карачаево-Черкесская Республика,B,3.314,-0.645
Кемеровская область - Кузбасс,A,6.485,-0.473
Кемеровская область - Кузбасс,B,3.311,-0.243
Кировская область,A,8.18,-1.047
Кировская область,B,9.209,5.409
Костромская область,A,7.923,0.597
Костромская область,B,12.251,3.404
Краснодарский край,A,9.483,-2.04
Краснодарский край,B,3.344,1.247
Красноярский край,A,6.536,0.371
Красноярский край,B,8.729,2.013
Курганская область,A,4.989,0.35
Курганская область,B,8.921,1.935
Курская область,A,7.656,-1.986
Курская область,B,6.164,1.047
Ленинградская область,A,5.686,0.52
Ленинградская область,B,5.583,1.497
Липецкая область,A,8.32,-2.403
Липецкая область,B,6.154,0.811
Магаданская область,A,5.827,-0.23
Магаданская область,B,6.286,0.2
Московская область,A,5.784,0.543
Московская область,B,5.958,0.849
Мурманская область,A,8.043,2.087
Мурманская область,B,9.011,3.977
Ненецкий автономный округ,A,6.272,-1.683
Ненецкий автономный округ,B,14.042,3.391
Нижегородская область,A,10.075,-2.88
Нижегородская область,B,5.204,-0.082
Новгородская область,A,5.449,-0.572
Новгородская область,B,9.977,4.768
Новосибирская область,A,7.478,0.404
Новосибирская область,B,10.303,2.476
Омская область,A,5.045,-1.098
Омская область,B,12.748,2.705
Оренбургская область,A,6.913,-1.978
Оренбургская область,B,10.59,2.239
Орловская область,A,6.069,-1.915
Орловская область,B,8.821,3.715
Пензенская область,A,9.396,-2.019
Пензенская область,B,3.934,0.309
Пермский край,A,4.94,0.651
Пермский край,B,10.045,2.891
Приморский край,A,7.058,0.75
Приморский край,B,11.134,1.758
Псковская область,A,4.405,-0.637
Псковская область,B,7.508,2.608
Республика Адыгея (Адыгея),A,8.238,-1.65
Республика Адыгея (Адыгея),B,2.95,0.068
Республика Алтай,A,4.242,-0.329
Республика Алтай,B,11.496,1.274
Республика Башкортостан,A,3.446,0.081
Республика Башкортостан,B,3.168,-0.829
Республика Бурятия,A,3.831,-0.478
Республика Бурятия,B,9.723,1.618
Республика Дагестан,A,7.151,0.153
Республика Дагестан,B,1.776,0.988
Республика Ингушетия,A,6.502,4.131
Республика Ингушетия,B,3.27,-0.866
Республика Калмыкия,A,10.835,-1.221
Республика Калмыкия,B,13.549,4.906
Республика Карелия,A,7.666,3.453
Республика Карелия,B,7.831,5.896
Республика Коми,A,8.176,1.048
Республика Коми,B,12.93,3.051
Республика Марий Эл,A,5.814,-2.303
Республика Марий Эл,B,14.904,1.433
Республика Мордовия,A,7.037,-1.547
Республика Мордовия,B,3.816,-0.266
Республика Саха (Якутия),A,4.596,1.602
Республика Саха (Якутия),B,15.629,0.571
Республика Северная Осетия - Алания,A,3.983,-0.11
Республика Северная Осетия - Алания,B,4.281,3.058
Республика Татарстан (Татарстан),A,11.61,-0.816
Республика Татарстан (Татарстан),B,3.37,-0.67
Республика Тыва,A,5.226,0.416
Республика Тыва,B,1.91,-0.711
Республика Хакасия,A,5.212,-1.376
Республика Хакасия,B,12.942,2.318
Ростовская область,A,9.175,-3.083
Ростовская область,B,6.181,0.21
Рязанская область,A,7.885,-2.942
Рязанская область,B,4.634,0.342
Самарская область,A,5.287,-1.837
Самарская область,B,7.418,1.125
Саратовская область,A,8.558,-1.912
Саратовская область,B,7.231,-2.238
Сахалинская область,A,5.858,-0.733
Сахалинская область,B,11.645,2.093
Свердловская область,A,6.656,2.312
Свердловская область,B,9.534,2.952
Смоленская область,A,6.715,-2.792
Смоленская область,B,8.395,2.359
Ставропольский край,A,5.97,-1.824
Ставропольский край,B,3.888,1.378
Тамбовская область,A,11.286,-0.782
Тамбовская область,B,3.757,1.868
Тверская область,A,5.626,-1.074
Тверская область,B,9.928,3.381
Томская область,A,6.863,0.714
Томская область,B,9.983,3.612
Тульская область,A,7.593,-2.351
Тульская область,B,4.102,0.815
Тюменская область,A,4.563,2.015
Тюменская область,B,3.409,2.09
Удмуртская Республика,A,6.037,-0.227
Удмуртская Республика,B,10.563,1.962
Ульяновская область,A,5.497,-3.243
Ульяновская область,B,13.085,0.338
Хабаровский край,A,7.255,-1.277
Хабаровский край,B,12.859,3.955
Ханты-Мансийский автономный округ - Югра,A,7.912,-2.39
Ханты-Мансийский автономный округ - Югра,B,5.874,0.966
Челябинская область,A,4.875,1.563
Челябинская область,B,9.316,3.807
Чеченская Республика,A,8.479,-0.309
Чеченская Республика,B,4.549,-0.988
Чувашская Республика - Чувашия,A,5.011,-0.43
Чувашская Республика - Чувашия,B,10.854,4.556
Чукотский автономный округ,A,7.258,-0.732
Чукотский автономный округ,B,6.475,2.852
Ямало-Ненецкий автономный округ,A,4.656,-0.718
Ямало-Ненецкий автономный округ,B,3.148,-1.523
Ярославская область,A,6.883,1.364
Ярославская область,B,12.593,5.114
город Москва,A,6.74,2.685
город Москва,B,13.899,2.623
город Санкт-Петербург,A,5.988,1.624
город Санкт-Петербург,B,7.242,4.143
